Category,Word,Frequency
Behavioral,imagine,8
Behavioral,that,195
Behavioral,your,11
Behavioral,team,1
Behavioral,develops,1
Behavioral,an,155
Behavioral,app,15
Behavioral,which,38
Behavioral,works,15
Behavioral,with,73
Behavioral,geographic,1
Behavioral,information,6
Behavioral,structured,9
Behavioral,as,78
Behavioral,one,40
Behavioral,colossal,1
Behavioral,graph,4
Behavioral,.,673
Behavioral,each,71
Behavioral,node,13
Behavioral,of,442
Behavioral,the,1096
Behavioral,may,30
Behavioral,represent,12
Behavioral,a,445
Behavioral,complex,11
Behavioral,entity,1
Behavioral,such,15
Behavioral,city,3
Behavioral,",",455
Behavioral,but,29
Behavioral,also,19
Behavioral,more,25
Behavioral,granular,1
Behavioral,things,2
Behavioral,like,9
Behavioral,industries,1
Behavioral,sightseeing,1
Behavioral,areas,1
Behavioral,etc,3
Behavioral,nodes,2
Behavioral,are,50
Behavioral,connected,1
Behavioral,others,4
Behavioral,if,27
Behavioral,there,12
Behavioral,'s,43
Behavioral,road,1
Behavioral,between,50
Behavioral,real,3
Behavioral,objects,125
Behavioral,they,14
Behavioral,under,1
Behavioral,hood,1
Behavioral,type,21
Behavioral,is,248
Behavioral,represented,3
Behavioral,by,76
Behavioral,its,95
Behavioral,own,9
Behavioral,class,79
Behavioral,while,16
Behavioral,specific,14
Behavioral,object,202
Behavioral,.at,1
Behavioral,some,30
Behavioral,point,7
Behavioral,you,94
Behavioral,got,2
Behavioral,task,3
Behavioral,to,507
Behavioral,implement,8
Behavioral,exporting,1
Behavioral,into,14
Behavioral,xml,3
Behavioral,format,5
Behavioral,at,37
Behavioral,first,7
Behavioral,job,5
Behavioral,seemed,1
Behavioral,pretty,1
Behavioral,straightforward,1
Behavioral,planned,2
Behavioral,add,10
Behavioral,export,6
Behavioral,method,66
Behavioral,and,273
Behavioral,then,25
Behavioral,leverage,1
Behavioral,recursion,1
Behavioral,go,5
Behavioral,over,12
Behavioral,executing,1
Behavioral,solution,18
Behavioral,was,17
Behavioral,simple,9
Behavioral,elegant,1
Behavioral,:,18
Behavioral,thanks,1
Behavioral,polymorphism,3
Behavioral,were,5
Behavioral,n't,12
Behavioral,coupling,34
Behavioral,code,48
Behavioral,called,9
Behavioral,concrete,12
Behavioral,classes,81
Behavioral,unfortunately,2
Behavioral,system,16
Behavioral,architect,1
Behavioral,refused,1
Behavioral,allow,10
Behavioral,alter,5
Behavioral,existing,6
Behavioral,he,4
Behavioral,said,2
Behavioral,already,2
Behavioral,in,156
Behavioral,production,1
Behavioral,did,1
Behavioral,want,14
Behavioral,risk,1
Behavioral,breaking,5
Behavioral,it,129
Behavioral,because,6
Behavioral,potential,1
Behavioral,bug,2
Behavioral,changes,28
Behavioral,besides,1
Behavioral,questioned,1
Behavioral,whether,5
Behavioral,makes,5
Behavioral,sense,1
Behavioral,have,42
Behavioral,within,8
Behavioral,primary,3
Behavioral,these,28
Behavioral,work,6
Behavioral,geodata,1
Behavioral,behavior,29
Behavioral,would,29
Behavioral,look,3
Behavioral,alien,1
Behavioral,there.there,1
Behavioral,another,20
Behavioral,reason,2
Behavioral,for,110
Behavioral,refusal,1
Behavioral,highly,1
Behavioral,likely,2
Behavioral,after,7
Behavioral,this,89
Behavioral,feature,4
Behavioral,implemented,8
Behavioral,someone,1
Behavioral,from,58
Behavioral,marketing,1
Behavioral,department,1
Behavioral,ask,1
Behavioral,provide,26
Behavioral,ability,6
Behavioral,different,46
Behavioral,or,137
Behavioral,request,45
Behavioral,other,42
Behavioral,weird,2
Behavioral,stuff,2
Behavioral,force,1
Behavioral,change,32
Behavioral,those,8
Behavioral,precious,1
Behavioral,fragile,2
Behavioral,again,3
Behavioral,'re,6
Behavioral,working,2
Behavioral,on,73
Behavioral,new,29
Behavioral,text-editor,1
Behavioral,current,21
Behavioral,create,14
Behavioral,toolbar,4
Behavioral,bunch,1
Behavioral,buttons,7
Behavioral,various,8
Behavioral,operations,23
Behavioral,editor,7
Behavioral,created,6
Behavioral,very,6
Behavioral,neat,1
Behavioral,button,8
Behavioral,can,99
Behavioral,be,137
Behavioral,used,53
Behavioral,well,2
Behavioral,generic,7
Behavioral,dialogs,1
Behavioral,all,53
Behavioral,similar,8
Behavioral,supposed,2
Behavioral,do,10
Behavioral,where,16
Behavioral,put,5
Behavioral,click,4
Behavioral,handlers,6
Behavioral,?,9
Behavioral,simplest,1
Behavioral,tons,2
Behavioral,subclasses,23
Behavioral,place,2
Behavioral,contain,6
Behavioral,executed,11
Behavioral,before,6
Behavioral,long,1
Behavioral,realize,1
Behavioral,approach,14
Behavioral,deeply,1
Behavioral,flawed,1
Behavioral,enormous,1
Behavioral,number,11
Behavioral,okay,2
Behavioral,risking,1
Behavioral,time,12
Behavioral,modify,4
Behavioral,base,25
Behavioral,simply,6
Behavioral,gui,2
Behavioral,has,17
Behavioral,become,5
Behavioral,awkwardly,1
Behavioral,dependent,4
Behavioral,volatile,1
Behavioral,business,5
Behavioral,logic,16
Behavioral,here,1
Behavioral,ugliest,1
Behavioral,part,8
Behavioral,copying/pasting,1
Behavioral,text,10
Behavioral,need,34
Behavioral,invoked,4
Behavioral,multiple,15
Behavioral,places,1
Behavioral,example,11
Behavioral,user,17
Behavioral,could,9
Behavioral,small,1
Behavioral,copy,3
Behavioral,something,2
Behavioral,via,3
Behavioral,context,10
Behavioral,menu,1
Behavioral,just,9
Behavioral,hit,1
Behavioral,ctrl+c,1
Behavioral,keyboard,1
Behavioral,initially,2
Behavioral,when,49
Behavioral,our,6
Behavioral,only,23
Behavioral,had,7
Behavioral,implementation,29
Behavioral,words,1
Behavioral,having,5
Behavioral,copying,2
Behavioral,inside,6
Behavioral,copybutton,1
Behavioral,subclass,5
Behavioral,fine,2
Behavioral,menus,2
Behavioral,shortcuts,1
Behavioral,either,7
Behavioral,duplicate,3
Behavioral,operation,29
Behavioral,many,10
Behavioral,make,11
Behavioral,even,8
Behavioral,worse,1
Behavioral,option,7
Behavioral,day,5
Behavioral,decided,3
Behavioral,navigation,1
Behavioral,casual,1
Behavioral,travelers,1
Behavioral,centered,1
Behavioral,around,2
Behavioral,beautiful,1
Behavioral,map,2
Behavioral,helped,1
Behavioral,users,16
Behavioral,quickly,1
Behavioral,orient,1
Behavioral,themselves,6
Behavioral,any,22
Behavioral,most,8
Behavioral,requested,2
Behavioral,features,1
Behavioral,automatic,1
Behavioral,route,4
Behavioral,planning,2
Behavioral,should,13
Behavioral,able,7
Behavioral,enter,1
Behavioral,address,1
Behavioral,see,2
Behavioral,fastest,1
Behavioral,destination,1
Behavioral,displayed,1
Behavioral,version,4
Behavioral,build,8
Behavioral,routes,3
Behavioral,roads,1
Behavioral,people,4
Behavioral,who,8
Behavioral,traveled,1
Behavioral,car,1
Behavioral,bursting,1
Behavioral,joy,1
Behavioral,apparently,2
Behavioral,not,28
Behavioral,everybody,1
Behavioral,likes,1
Behavioral,drive,1
Behavioral,their,24
Behavioral,vacation,1
Behavioral,so,21
Behavioral,next,11
Behavioral,update,7
Behavioral,added,9
Behavioral,walking,1
Behavioral,right,3
Behavioral,let,8
Behavioral,use,22
Behavioral,public,4
Behavioral,transport,1
Behavioral,routes.however,1
Behavioral,beginning,2
Behavioral,later,10
Behavioral,building,9
Behavioral,cyclists,1
Behavioral,through,18
Behavioral,tourist,1
Behavioral,attractions,1
Behavioral,perspective,1
Behavioral,success,1
Behavioral,technical,1
Behavioral,caused,2
Behavioral,headaches,1
Behavioral,routing,2
Behavioral,algorithm,44
Behavioral,main,3
Behavioral,navigator,1
Behavioral,doubled,1
Behavioral,size,1
Behavioral,beast,1
Behavioral,became,4
Behavioral,too,3
Behavioral,hard,3
Behavioral,maintain,10
Behavioral,algorithms,21
Behavioral,fix,1
Behavioral,slight,1
Behavioral,adjustment,1
Behavioral,street,1
Behavioral,score,1
Behavioral,affected,3
Behavioral,whole,2
Behavioral,increasing,1
Behavioral,chance,5
Behavioral,creating,13
Behavioral,error,1
Behavioral,already-working,1
Behavioral,addition,3
Behavioral,teamwork,1
Behavioral,inefficient,2
Behavioral,teammates,1
Behavioral,been,5
Behavioral,hired,1
Behavioral,successful,1
Behavioral,release,1
Behavioral,complain,1
Behavioral,spend,1
Behavioral,much,2
Behavioral,resolving,1
Behavioral,merge,2
Behavioral,conflicts,1
Behavioral,implementing,12
Behavioral,requires,5
Behavioral,same,9
Behavioral,huge,1
Behavioral,conflicting,1
Behavioral,produced,1
Behavioral,editing,2
Behavioral,insert,1
Behavioral,inline,1
Behavioral,images,1
Behavioral,undo,10
Behavioral,carried,2
Behavioral,out,5
Behavioral,common,17
Behavioral,years,3
Behavioral,nowadays,1
Behavioral,expect,1
Behavioral,every,5
Behavioral,chose,1
Behavioral,take,4
Behavioral,direct,7
Behavioral,performing,2
Behavioral,records,1
Behavioral,state,139
Behavioral,saves,1
Behavioral,storage,3
Behavioral,decides,3
Behavioral,revert,1
Behavioral,action,8
Behavioral,fetches,1
Behavioral,latest,1
Behavioral,snapshot,5
Behavioral,history,2
Behavioral,uses,8
Behavioral,restore,6
Behavioral,think,2
Behavioral,about,11
Behavioral,snapshots,3
Behavioral,how,14
Behavioral,exactly,3
Behavioral,produce,4
Behavioral,'d,5
Behavioral,probably,5
Behavioral,fields,11
Behavioral,values,4
Behavioral,however,8
Behavioral,quite,2
Behavioral,relaxed,1
Behavioral,access,15
Behavioral,restrictions,1
Behavioral,contents,1
Behavioral,wo,2
Behavioral,peek,1
Behavioral,them,20
Behavioral,easily,12
Behavioral,hiding,1
Behavioral,significant,2
Behavioral,data,38
Behavioral,private,5
Behavioral,ignore,1
Behavioral,problem,20
Behavioral,now,6
Behavioral,assume,1
Behavioral,behave,2
Behavioral,hippies,1
Behavioral,preferring,1
Behavioral,open,2
Behavioral,relations,1
Behavioral,keeping,5
Behavioral,solve,2
Behavioral,immediate,2
Behavioral,',3
Behavioral,states,14
Behavioral,will,28
Behavioral,still,2
Behavioral,serious,1
Behavioral,issues,2
Behavioral,future,3
Behavioral,might,11
Behavioral,decide,4
Behavioral,refactor,2
Behavioral,remove,2
Behavioral,sounds,1
Behavioral,easy,4
Behavioral,require,7
Behavioral,changing,9
Behavioral,responsible,8
Behavioral,consider,1
Behavioral,actual,5
Behavioral,what,16
Behavioral,does,9
Behavioral,bare,1
Behavioral,minimum,1
Behavioral,must,9
Behavioral,cursor,1
Behavioral,coordinates,1
Behavioral,scroll,1
Behavioral,position,2
Behavioral,collect,1
Behavioral,kind,4
Behavioral,container,3
Behavioral,going,1
Behavioral,store,13
Behavioral,lots,4
Behavioral,list,17
Behavioral,therefore,4
Behavioral,containers,1
Behavioral,end,7
Behavioral,up,4
Behavioral,being,10
Behavioral,almost,2
Behavioral,no,12
Behavioral,methods,22
Behavioral,mirror,1
Behavioral,write,1
Behavioral,read,1
Behavioral,expose,2
Behavioral,little,2
Behavioral,otherwise,1
Behavioral,happen,1
Behavioral,without,41
Behavioral,affecting,2
Behavioral,outer,1
Behavioral,looks,2
Behavioral,we,46
Behavioral,'ve,4
Behavioral,reached,3
Behavioral,dead,1
Behavioral,internal,17
Behavioral,details,9
Behavioral,making,3
Behavioral,restrict,2
Behavioral,impossible,1
Behavioral,way,16
Behavioral,``,77
Behavioral,'',77
Behavioral,say,2
Behavioral,dialog,1
Behavioral,customer,5
Behavioral,profiles,1
Behavioral,consists,1
Behavioral,form,7
Behavioral,controls,2
Behavioral,checkboxes,1
Behavioral,etc.some,1
Behavioral,elements,41
Behavioral,interact,10
Behavioral,instance,4
Behavioral,selecting,1
Behavioral,i,3
Behavioral,dog,3
Behavioral,checkbox,2
Behavioral,reveal,1
Behavioral,hidden,3
Behavioral,field,2
Behavioral,entering,1
Behavioral,name,4
Behavioral,submit,1
Behavioral,validate,1
Behavioral,saving,3
Behavioral,directly,10
Behavioral,harder,1
Behavioral,reuse,6
Behavioral,forms,1
Behavioral,coupled,8
Behavioral,involved,1
Behavioral,rendering,1
Behavioral,profile,1
Behavioral,none,1
Behavioral,defines,26
Behavioral,interpret,10
Behavioral,evaluate,5
Behavioral,language,18
Behavioral,grammar,23
Behavioral,expressions,20
Behavioral,provides,25
Behavioral,mechanism,2
Behavioral,sentences,5
Behavioral,representing,4
Behavioral,set,23
Behavioral,represents,3
Behavioral,rule,6
Behavioral,expression,5
Behavioral,pattern,188
Behavioral,allows,28
Behavioral,composed,2
Behavioral,hierarchically,1
Behavioral,involves,6
Behavioral,defining,9
Behavioral,hierarchy,13
Behavioral,both,3
Behavioral,terminal,5
Behavioral,nonterminal,2
Behavioral,’,1
Behavioral,s,2
Behavioral,basic,4
Behavioral,blocks,2
Behavioral,compositions,1
Behavioral,tree,8
Behavioral,structure,36
Behavioral,interpreter,20
Behavioral,design,69
Behavioral,somewhat,1
Behavioral,defined,12
Behavioral,composite,4
Behavioral,leaf,2
Behavioral,non-terminal,3
Behavioral,composites,2
Behavioral,two,4
Behavioral,types,11
Behavioral,interested,3
Behavioral,particular,4
Behavioral,brand,1
Behavioral,product,5
Behavioral,(,61
Behavioral,model,14
Behavioral,iphone,1
Behavioral,),61
Behavioral,available,3
Behavioral,soon,1
Behavioral,visit,11
Behavioral,check,3
Behavioral,availability,2
Behavioral,en,1
Behavioral,trips,2
Behavioral,pointless,1
Behavioral,hand,2
Behavioral,send,7
Behavioral,emails,1
Behavioral,considered,2
Behavioral,spam,1
Behavioral,customers,4
Behavioral,becomes,7
Behavioral,save,5
Behavioral,endless,1
Behavioral,upset,1
Behavioral,products,1
Behavioral,conflict,1
Behavioral,wastes,2
Behavioral,checking,1
Behavioral,resources,2
Behavioral,notifying,2
Behavioral,wrong,1
Behavioral,online,1
Behavioral,ordering,2
Behavioral,authenticated,1
Behavioral,orders,2
Behavioral,administrative,1
Behavioral,permissions,1
Behavioral,full,7
Behavioral,bit,2
Behavioral,realized,1
Behavioral,checks,6
Behavioral,performed,11
Behavioral,sequentially,10
Behavioral,application,10
Behavioral,attempt,1
Behavioral,authenticate,1
Behavioral,whenever,5
Behavioral,receives,1
Behavioral,contains,6
Behavioral,credentials,2
Behavioral,correct,5
Behavioral,authentication,1
Behavioral,fails,1
Behavioral,proceed,1
Behavioral,during,1
Behavioral,few,1
Behavioral,months,1
Behavioral,several,3
Behavioral,sequential,1
Behavioral,looked,1
Behavioral,mess,2
Behavioral,bloated,2
Behavioral,sometimes,1
Behavioral,worst,1
Behavioral,tried,1
Behavioral,protect,1
Behavioral,components,11
Behavioral,since,4
Behavioral,required,10
Behavioral,comprehend,1
Behavioral,expensive,1
Behavioral,struggled,1
Behavioral,until,8
Behavioral,thing,2
Behavioral,collections,4
Behavioral,programming,5
Behavioral,nonetheless,1
Behavioral,collection,28
Behavioral,group,15
Behavioral,lists,2
Behavioral,based,17
Behavioral,stacks,1
Behavioral,trees,2
Behavioral,graphs,1
Behavioral,structures,7
Behavioral,matter,1
Behavioral,accessing,5
Behavioral,element,11
Behavioral,sound,1
Behavioral,loop,1
Behavioral,traverse,5
Behavioral,depth-first,1
Behavioral,traversal,11
Behavioral,yet,1
Behavioral,breadth-first,1
Behavioral,week,1
Behavioral,else,1
Behavioral,random,1
Behavioral,adding,7
Behavioral,gradually,1
Behavioral,blurs,1
Behavioral,responsibility,16
Behavioral,efficient,2
Behavioral,additionally,2
Behavioral,tailored,1
Behavioral,including,3
Behavioral,client,39
Behavioral,care,1
Behavioral,ways,4
Behavioral,than,6
Behavioral,couple,3
Behavioral,closely,1
Behavioral,related,3
Behavioral,concept,1
Behavioral,finite-state,2
Behavioral,machine,6
Behavioral,idea,2
Behavioral,given,6
Behavioral,moment,1
Behavioral,finite,3
Behavioral,program,10
Behavioral,unique,1
Behavioral,behaves,1
Behavioral,differently,3
Behavioral,switched,1
Behavioral,instantaneously,1
Behavioral,depending,6
Behavioral,switch,6
Behavioral,certain,4
Behavioral,switching,2
Behavioral,rules,10
Behavioral,transitions,6
Behavioral,predetermined,1
Behavioral,apply,1
Behavioral,document,4
Behavioral,three,10
Behavioral,draft,1
Behavioral,moderation,1
Behavioral,published,1
Behavioral,publish,4
Behavioral,machines,4
Behavioral,usually,6
Behavioral,conditional,4
Behavioral,statements,7
Behavioral,select,2
Behavioral,appropriate,9
Behavioral,never,2
Behavioral,heard,1
Behavioral,least,1
Behavioral,once,2
Behavioral,following,5
Behavioral,ring,1
Behavioral,bell,1
Behavioral,biggest,1
Behavioral,weakness,1
Behavioral,conditionals,6
Behavioral,reveals,1
Behavioral,itself,13
Behavioral,start,2
Behavioral,state-dependent,1
Behavioral,behaviors,3
Behavioral,monstrous,1
Behavioral,pick,1
Behavioral,proper,2
Behavioral,according,4
Behavioral,difficult,8
Behavioral,transition,2
Behavioral,tends,1
Behavioral,get,5
Behavioral,bigger,1
Behavioral,project,1
Behavioral,evolves,1
Behavioral,predict,1
Behavioral,possible,6
Behavioral,stage,1
Behavioral,hence,1
Behavioral,lean,1
Behavioral,built,1
Behavioral,limited,3
Behavioral,grow,1
Behavioral,mining,1
Behavioral,analyzes,1
Behavioral,corporate,1
Behavioral,documents,2
Behavioral,feed,1
Behavioral,formats,3
Behavioral,pdf,2
Behavioral,doc,2
Behavioral,csv,2
Behavioral,tries,1
Behavioral,extract,2
Behavioral,meaningful,1
Behavioral,docs,1
Behavioral,uniform,2
Behavioral,files,3
Behavioral,support,6
Behavioral,month,1
Behavioral,taught,1
Behavioral,noticed,1
Behavioral,lot,1
Behavioral,dealing,2
Behavioral,entirely,1
Behavioral,processing,15
Behavioral,analysis,1
Behavioral,identical,1
Behavioral,great,2
Behavioral,rid,1
Behavioral,duplication,5
Behavioral,leaving,1
Behavioral,intact,1
Behavioral,picked,1
Behavioral,course,1
Behavioral,interface,32
Behavioral,eliminate,1
Behavioral,calling,6
Behavioral,visitor,41
Behavioral,lets,12
Behavioral,define,24
Behavioral,operates,4
Behavioral,classic,1
Behavioral,technique,1
Behavioral,recovering,1
Behavioral,lost,1
Behavioral,double,5
Behavioral,dispatch,7
Behavioral,distinct,2
Behavioral,unrelated,1
Behavioral,heterogeneous,1
Behavioral,aggregate,23
Behavioral,avoid,3
Behavioral,polluting,1
Behavioral,query,2
Behavioral,cast,2
Behavioral,pointer,6
Behavioral,desired,2
Behavioral,operation.visitor,1
Behavioral,purpose,4
Behavioral,abstract,26
Behavioral,functionality,17
Behavioral,applied,4
Behavioral,encourages,1
Behavioral,designing,2
Behavioral,lightweight,1
Behavioral,-,10
Behavioral,removed,2
Behavioral,responsibilities,1
Behavioral,original,3
Behavioral,inheritance,4
Behavioral,subclass.visitor,1
Behavioral,implements,6
Behavioral,oo,1
Behavioral,messages,7
Behavioral,routinely,2
Behavioral,manifest,1
Behavioral,single,18
Behavioral,depends,3
Behavioral,receiver,21
Behavioral,receivers,6
Behavioral,visits,1
Behavioral,.the,3
Behavioral,proceeds,1
Behavioral,follows,2
Behavioral,pure,2
Behavioral,virtual,3
Behavioral,derived,19
Behavioral,accepts,3
Behavioral,argument,3
Behavioral,reference,6
Behavioral,class.each,1
Behavioral,supported,1
Behavioral,modelled,1
Behavioral,declared,1
Behavioral,allocating,1
Behavioral,overloaded,1
Behavioral,method.add,1
Behavioral,accept,6
Behavioral,receive,6
Behavioral,hierarchy.each,1
Behavioral,passed,7
Behavioral,passing,2
Behavioral,sole,1
Behavioral,argument.everything,1
Behavioral,visitors,2
Behavioral,set-up,1
Behavioral,needs,9
Behavioral,creates,5
Behavioral,calls,7
Behavioral,passes,4
Behavioral,object.the,1
Behavioral,causes,2
Behavioral,flow,5
Behavioral,control,5
Behavioral,find,2
Behavioral,vectored,1
Behavioral,plus,2
Behavioral,equals,1
Behavioral,dispatch.the,1
Behavioral,utilities,1
Behavioral,stable,1
Behavioral,sync,1
Behavioral,prohibitive,1
Behavioral,amount,2
Behavioral,effort.an,1
Behavioral,acknowledged,1
Behavioral,objection,1
Behavioral,regression,1
Behavioral,functional,2
Behavioral,decomposition,1
Behavioral,separate,12
Behavioral,legitimate,1
Behavioral,interpretation,6
Behavioral,perhaps,1
Behavioral,better,1
Behavioral,perspective/rationale,1
Behavioral,goal,1
Behavioral,promoting,3
Behavioral,non-traditional,1
Behavioral,status,4
Behavioral,skeleton,5
Behavioral,deferring,2
Behavioral,steps,34
Behavioral,template,17
Behavioral,redefine,2
Behavioral,structure.base,1
Behavioral,declares,1
Behavioral,'placeholders,1
Behavioral,placeholders.two,1
Behavioral,similarities,1
Behavioral,demonstrate,1
Behavioral,necessary,3
Behavioral,effort,1
Behavioral,expended.the,1
Behavioral,component,4
Behavioral,designer,4
Behavioral,invariant,3
Behavioral,standard,8
Behavioral,variant,4
Behavioral,customizable,1
Behavioral,default,3
Behavioral,hooks,1
Behavioral,placeholders,2
Behavioral,supplied,1
Behavioral,class.the,1
Behavioral,mandates,1
Behavioral,extend,6
Behavioral,replace,1
Behavioral,steps.template,1
Behavioral,prominently,1
Behavioral,frameworks,2
Behavioral,framework,4
Behavioral,pieces,3
Behavioral,domain,8
Behavioral,architecture,2
Behavioral,interesting,1
Behavioral,customization,3
Behavioral,options,1
Behavioral,doing,3
Behavioral,center,1
Behavioral,universe,1
Behavioral,customizations,1
Behavioral,third,1
Behavioral,rock,1
Behavioral,sun,1
Behavioral,inverted,1
Behavioral,affectionately,1
Behavioral,labelled,1
Behavioral,hollywood,1
Behavioral,principle,7
Behavioral,call,6
Behavioral,us,1
Behavioral,'ll,2
Behavioral,encapsulates,8
Behavioral,mediator,40
Behavioral,promotes,11
Behavioral,loose,19
Behavioral,referring,3
Behavioral,explicitly,3
Behavioral,vary,9
Behavioral,interaction,7
Behavioral,independently.design,1
Behavioral,intermediary,1
Behavioral,decouple,5
Behavioral,peers.promote,1
Behavioral,many-to-many,2
Behavioral,relationships,2
Behavioral,interacting,2
Behavioral,peers,1
Behavioral,.we,1
Behavioral,reusable,2
Behavioral,dependencies,6
Behavioral,potentially,2
Behavioral,demonstrates,2
Behavioral,spaghetti,1
Behavioral,phenomenon,1
Behavioral,trying,1
Behavioral,scoop,1
Behavioral,serving,1
Behavioral,results,2
Behavioral,nothing,1
Behavioral,clump,1
Behavioral,unix,1
Behavioral,permission,1
Behavioral,managed,1
Behavioral,levels,1
Behavioral,granularity,1
Behavioral,world,3
Behavioral,owner,1
Behavioral,intended,1
Behavioral,affiliation,1
Behavioral,member,3
Behavioral,groups,7
Behavioral,zero,3
Behavioral,assigned,2
Behavioral,figure,4
Behavioral,shows,2
Behavioral,software,4
Behavioral,occur,1
Behavioral,instances,1
Behavioral,affected.an,1
Behavioral,alternate,1
Behavioral,introduce,2
Behavioral,additional,3
Behavioral,level,3
Behavioral,indirection,2
Behavioral,mapping,2
Behavioral,abstraction,10
Behavioral,unto,1
Behavioral,offers,1
Behavioral,advantages,1
Behavioral,decoupled,3
Behavioral,mappings,2
Behavioral,maintained,1
Behavioral,manipulated,1
Behavioral,simultaneously,1
Behavioral,extended,6
Behavioral,partitioning,1
Behavioral,generally,2
Behavioral,enhances,2
Behavioral,reusability,2
Behavioral,proliferating,1
Behavioral,interconnections,4
Behavioral,tend,1
Behavioral,reduce,4
Behavioral,acts,2
Behavioral,hub,1
Behavioral,communication,27
Behavioral,controlling,12
Behavioral,coordinating,1
Behavioral,interactions,4
Behavioral,clients,12
Behavioral,explicitly.the,1
Behavioral,relationship,4
Behavioral,network,1
Behavioral,modelling,1
Behavioral,inter-relationships,2
Behavioral,encapsulation,10
Behavioral,modified,5
Behavioral,subclassing.an,1
Behavioral,useful,8
Behavioral,capability,3
Behavioral,operating,1
Behavioral,flexible,4
Behavioral,non-invasive,1
Behavioral,associate,1
Behavioral,manage,4
Behavioral,representation,8
Behavioral,along,6
Behavioral,language.map,1
Behavioral,hierarchical,2
Behavioral,object-oriented,9
Behavioral,design.a,1
Behavioral,problems,4
Behavioral,occurs,1
Behavioral,repeatedly,1
Behavioral,well-defined,1
Behavioral,well-understood,1
Behavioral,characterized,2
Behavioral,solved,1
Behavioral,engine,2
Behavioral,discusses,1
Behavioral,i.e,4
Behavioral,characterization,3
Behavioral,interpreting,1
Behavioral,grammars,1
Behavioral,maps,2
Behavioral,nicely.an,1
Behavioral,specifies,2
Behavioral,accepting,1
Behavioral,stream,2
Behavioral,contribution,1
Behavioral,solving,1
Behavioral,process,14
Behavioral,exposing,8
Behavioral,underlying,8
Behavioral,representation.the,1
Behavioral,c++,1
Behavioral,java,4
Behavioral,library,1
Behavioral,algorithms.promote,1
Behavioral,collection.polymorphic,1
Behavioral,traversalneed,1
Behavioral,wildly,1
Behavioral,capable,3
Behavioral,interfacing,1
Behavioral,transparently,1
Behavioral,give,2
Behavioral,moreover,1
Behavioral,accomplish,3
Behavioral,bloat,1
Behavioral,traversals,2
Behavioral,anticipate,1
Behavioral,ones,1
Behavioral,pending,1
Behavioral,providing,4
Behavioral,traversing,7
Behavioral,polymorphic,2
Behavioral,iteration,4
Behavioral,valuable.the,1
Behavioral,iterator,24
Behavioral,key,3
Behavioral,protocol.the,1
Behavioral,fundamental,1
Behavioral,emerging,1
Behavioral,technology,1
Behavioral,strategy,16
Behavioral,seeks,1
Behavioral,notion,1
Behavioral,motivation,1
Behavioral,promote,2
Behavioral,component-based,1
Behavioral,development,2
Behavioral,boost,1
Behavioral,productivity,1
Behavioral,configuration,3
Behavioral,management,1
Behavioral,wanted,1
Behavioral,four,14
Behavioral,array,2
Behavioral,binary,1
Behavioral,linked,4
Behavioral,hash,1
Behavioral,table,1
Behavioral,sort,1
Behavioral,traditional,1
Behavioral,times,3
Behavioral,permutations,1
Behavioral,develop,1
Behavioral,whereas,1
Behavioral,items,4
Behavioral,encapsulate,11
Behavioral,thereby,2
Behavioral,letting,2
Behavioral,parametrize,1
Behavioral,requests,20
Behavioral,queue,4
Behavioral,log,2
Behavioral,undoable,3
Behavioral,operations.promote,1
Behavioral,invocation,1
Behavioral,statusan,1
Behavioral,callbackneed,1
Behavioral,issue,1
Behavioral,knowing,3
Behavioral,anything,2
Behavioral,request.command,1
Behavioral,decouples,1
Behavioral,invokes,3
Behavioral,knows,2
Behavioral,perform,13
Behavioral,achieve,4
Behavioral,separation,2
Behavioral,function,3
Behavioral,execute,12
Behavioral,receiver.all,1
Behavioral,command,48
Behavioral,treat,1
Behavioral,black,1
Behavioral,box,1
Behavioral,invoking,2
Behavioral,service,3
Behavioral,.a,2
Behavioral,holds,2
Behavioral,subset,2
Behavioral,arguments,1
Behavioral,come,1
Behavioral,together.sequences,1
Behavioral,assembled,1
Behavioral,macro,1
Behavioral,commands,8
Behavioral,family,5
Behavioral,interchangeable,6
Behavioral,independently,6
Behavioral,it.capture,1
Behavioral,bury,2
Behavioral,classes.one,1
Behavioral,dominant,1
Behavioral,strategies,5
Behavioral,open-closed,2
Behavioral,.figure,1
Behavioral,achieved,1
Behavioral,experience,1
Behavioral,upheaval,1
Behavioral,associated,1
Behavioral,impact,2
Behavioral,value,1
Behavioral,community,2
Behavioral,maximize,1
Behavioral,cohesion,1
Behavioral,minimize,2
Behavioral,shown,1
Behavioral,minimizing,1
Behavioral,fiction,2
Behavioral,realization,1
Behavioral,practicing,1
Behavioral,exhortation,1
Behavioral,popular,1
Behavioral,.clients,1
Behavioral,prefer,1
Behavioral,affords,1
Behavioral,captures,2
Behavioral,wants,1
Behavioral,exercise,1
Behavioral,implementations,10
Behavioral,effectively,1
Behavioral,violating,5
Behavioral,capture,5
Behavioral,externalize,2
Behavioral,returned,1
Behavioral,later.a,1
Behavioral,magic,1
Behavioral,cookie,1
Behavioral,rollback,5
Behavioral,status.need,1
Behavioral,back,3
Behavioral,previous,3
Behavioral,e.g,1
Behavioral,memento,33
Behavioral,source,6
Behavioral,checkpoint,1
Behavioral,initializes,1
Behavioral,care-taker,1
Behavioral,retrieve,3
Behavioral,opaque,2
Behavioral,subsequently,1
Behavioral,hands,1
Behavioral,reinstatement,1
Behavioral,unlimited,2
Behavioral,redo,1
Behavioral,readily,1
Behavioral,stack,3
Behavioral,one-to-many,5
Behavioral,dependency,4
Behavioral,dependents,3
Behavioral,notified,10
Behavioral,updated,6
Behavioral,automatically.encapsulate,1
Behavioral,core,3
Behavioral,subject,30
Behavioral,variable,3
Behavioral,optional,2
Behavioral,observer,29
Behavioral,hierarchy.the,1
Behavioral,view,4
Behavioral,model-view-controller.a,1
Behavioral,large,5
Behavioral,monolithic,2
Behavioral,scale,1
Behavioral,graphing,1
Behavioral,monitoring,2
Behavioral,requirements,3
Behavioral,levied.define,1
Behavioral,keeper,1
Behavioral,and/or,1
Behavioral,delegate,1
Behavioral,observers,19
Behavioral,register,4
Behavioral,broadcasts,1
Behavioral,registered,2
Behavioral,changed,6
Behavioral,queries,1
Behavioral,monitoring.this,1
Behavioral,configured,2
Behavioral,dynamically,7
Behavioral,instead,10
Behavioral,statically,1
Behavioral,specified,1
Behavioral,compile-time.the,1
Behavioral,protocol,1
Behavioral,described,1
Behavioral,above,1
Behavioral,pull,2
Behavioral,pushing,1
Behavioral,pulling,1
Behavioral,window,1
Behavioral,interest,1
Behavioral,push,1
Behavioral,compromises,1
Behavioral,less,1
Behavioral,efficient.issues,1
Behavioral,discussed,1
Behavioral,left,1
Behavioral,discretion,1
Behavioral,include,3
Behavioral,event,5
Behavioral,compression,1
Behavioral,sending,2
Behavioral,broadcast,1
Behavioral,series,5
Behavioral,consecutive,1
Behavioral,occurred,1
Behavioral,subjects,2
Behavioral,ensuring,1
Behavioral,notify,4
Behavioral,away.the,1
Behavioral,lion,1
Behavioral,share,1
Behavioral,model-view-controller,2
Behavioral,smalltalk,1
Behavioral,appear,2
Behavioral,class.an,1
Behavioral,machinewrapper,1
Behavioral,+,2
Behavioral,wrappee,1
Behavioral,collaborationa,1
Behavioral,run-time,9
Behavioral,numerous,3
Behavioral,case,2
Behavioral,vector,1
Behavioral,application.the,1
Behavioral,depend,2
Behavioral,present,3
Behavioral,outside,3
Behavioral,world.define,1
Behavioral,class.represent,1
Behavioral,class.define,1
Behavioral,state-specific,1
Behavioral,classes.maintain,1
Behavioral,class.to,1
Behavioral,pointer.the,1
Behavioral,specify,2
Behavioral,choices,1
Behavioral,individual,4
Behavioral,advantage,1
Behavioral,latter,1
Behavioral,ease,1
Behavioral,disadvantage,1
Behavioral,knowledge,6
Behavioral,siblings,1
Behavioral,introduces,2
Behavioral,subclasses.a,1
Behavioral,table-driven,1
Behavioral,good,2
Behavioral,specifying,1
Behavioral,actions,7
Behavioral,accompany,1
Behavioral,pattern-based,1
Behavioral,accommodating,1
Behavioral,sender,11
Behavioral,giving,2
Behavioral,handle,10
Behavioral,chain,34
Behavioral,receiving,3
Behavioral,pass,8
Behavioral,handles,5
Behavioral,it.launch-and-leave,1
Behavioral,pipeline,3
Behavioral,handlers.an,1
Behavioral,recursive,2
Behavioral,traversal.there,1
Behavioral,handler,17
Behavioral,handled,4
Behavioral,efficiently,1
Behavioral,hard-wiring,1
Behavioral,precedence,1
Behavioral,request-to-handler,1
Behavioral,;,1
Behavioral,launch,1
Behavioral,leave,1
Behavioral,entrance,1
Behavioral,chains,1
Behavioral,together,2
Behavioral,reaches,2
Behavioral,handling,4
Behavioral,message,4
Behavioral,known,9
Behavioral,priori,1
Behavioral,chaining,1
Behavioral,composition,2
Behavioral,linked.chain,1
Behavioral,simplifies,2
Behavioral,senders,1
Behavioral,maintaining,1
Behavioral,references,1
Behavioral,candidate,1
Behavioral,keeps,4
Behavioral,head,1
Behavioral,successor,2
Behavioral,chain.make,1
Behavioral,sure,2
Behavioral,exists,1
Behavioral,safety,1
Behavioral,net,1
Behavioral,catch,2
Behavioral,unhandled.do,1
Behavioral,delegates,5
Behavioral,applications,5
Behavioral,always,1
Behavioral,initiates,1
Behavioral,–,6
Behavioral,sends,1
Behavioral,responding,1
Behavioral,deal,2
Behavioral,nature,1
Behavioral,cant,3
Behavioral,parameters,4
Behavioral,parameterize,2
Behavioral,proven,1
Behavioral,addresses,2
Behavioral,recurring,2
Behavioral,tightly,3
Behavioral,invoker,14
Behavioral,encapsulated,5
Behavioral,stored,4
Behavioral,fact,1
Behavioral,issuing,2
Behavioral,doesnt,3
Behavioral,know,8
Behavioral,basically,1
Behavioral,executes,2
Behavioral,reverses,1
Behavioral,done,1
Behavioral,sets,2
Behavioral,turn,2
Behavioral,light,1
Behavioral,generator,1
Behavioral,essentially,3
Behavioral,means,5
Behavioral,invoke,1
Behavioral,devices,1
Behavioral,apparent,1
Behavioral,applying,2
Behavioral,made,3
Behavioral,due,1
Behavioral,specialized,1
Behavioral,best,2
Behavioral,analogy,1
Behavioral,gestures,1
Behavioral,observe,1
Behavioral,gesture,2
Behavioral,culture,1
Behavioral,significance,1
Behavioral,meaning,3
Behavioral,similarly,2
Behavioral,input,6
Behavioral,wide,1
Behavioral,variety,1
Behavioral,sources,1
Behavioral,browsers,1
Behavioral,line,1
Behavioral,tools,1
Behavioral,mobile,1
Behavioral,phones,1
Behavioral,mathematical,1
Behavioral,infix,1
Behavioral,prefix,1
Behavioral,postfix,1
Behavioral,notations,2
Behavioral,introduced,1
Behavioral,dont,3
Behavioral,automated,1
Behavioral,provided,2
Behavioral,using,11
Behavioral,syntax,1
Behavioral,refer,1
Behavioral,ast,3
Behavioral,wrote,1
Behavioral,earlier,1
Behavioral,parser,3
Behavioral,parse,2
Behavioral,output,1
Behavioral,accesses,1
Behavioral,says,4
Behavioral,intent,3
Behavioral,assign,1
Behavioral,referred,1
Behavioral,track,2
Behavioral,important,3
Behavioral,reused,1
Behavioral,asks,1
Behavioral,returns,1
Behavioral,initialized,1
Behavioral,holding,1
Behavioral,detailed,1
Behavioral,allowing,17
Behavioral,“,5
Behavioral,talk,1
Behavioral,me,1
Behavioral,talking,1
Behavioral,among,2
Behavioral,yourselves,1
Behavioral,”,5
Behavioral,conceptually,1
Behavioral,absence,1
Behavioral,corresponding,2
Behavioral,thus,3
Behavioral,extensive,1
Behavioral,restored,5
Behavioral,originator,17
Behavioral,whose,2
Behavioral,partial,1
Behavioral,saved,3
Behavioral,hold,5
Behavioral,properties,2
Behavioral,order,4
Behavioral,wont,1
Behavioral,accessible,1
Behavioral,deems,1
Behavioral,separating,7
Behavioral,adheres,1
Behavioral,solid,1
Behavioral,principles,1
Behavioral,pojo,1
Behavioral,remains,1
Behavioral,caretaker,7
Behavioral,comes,1
Behavioral,play,1
Behavioral,safekeeping,1
Behavioral,equally,1
Behavioral,modifies,1
Behavioral,modification,3
Behavioral,ripple,1
Behavioral,violation,1
Behavioral,publish/subscribe,1
Behavioral,automatically,6
Behavioral,facilitates,1
Behavioral,accordingly,1
Behavioral,illustrates,1
Behavioral,explained,1
Behavioral,gof,3
Behavioral,limit,1
Behavioral,notifications,3
Behavioral,resulting,2
Behavioral,responds,1
Behavioral,forcing,1
Behavioral,runtime,6
Behavioral,branch,1
Behavioral,enable,1
Behavioral,treating,1
Behavioral,vending,1
Behavioral,peer,1
Behavioral,varies,1
Behavioral,selected,2
Behavioral,on-the-fly,1
Behavioral,separated,1
Behavioral,host,2
Behavioral,encryptor,1
Behavioral,choose,2
Behavioral,run,1
Behavioral,modifying,6
Behavioral,sub-classes,1
Behavioral,consist,1
Behavioral,across,3
Behavioral,repeating,1
Behavioral,algorithm-specific,4
Behavioral,opens,1
Behavioral,door,1
Behavioral,inconsistencies,1
Behavioral,defects,1
Behavioral,creeping,1
Behavioral,commonality,1
Behavioral,extending,2
Behavioral,inherit,1
Behavioral,primitive,2
Behavioral,mark,1
Behavioral,override,3
Behavioral,nutshell,1
Behavioral,terms,1
Behavioral,separates,2
Behavioral,moving,2
Behavioral,sentence,2
Behavioral,patterns,1
Behavioral,structure.,1
Behavioral,practical,1
Behavioral,result,1
Behavioral,follow,1
Behavioral,closed,1
Behavioral,second,2
Behavioral,hard-coding,1
Behavioral,tight,3
Behavioral,codebase,1
Behavioral,inflexible,2
Behavioral,decoupling,8
Behavioral,traverses,1
Behavioral,flexibility,5
Behavioral,scalability,1
Behavioral,challenging,3
Behavioral,encapsulating,5
Behavioral,triggers,1
Behavioral,abstracting,2
Behavioral,enables,5
Behavioral,parameterization,1
Behavioral,dynamic,2
Behavioral,textual,1
Behavioral,especially,1
Behavioral,frequent,1
Behavioral,combination,1
Behavioral,evaluation,1
Behavioral,combining,1
Behavioral,interpreters,1
Behavioral,iterate,3
Behavioral,iterating,1
Behavioral,standardized,1
Behavioral,away,1
Behavioral,consistent,1
Behavioral,needing,1
Behavioral,communicate,7
Behavioral,leads,1
Behavioral,managing,5
Behavioral,coordination,3
Behavioral,understand,5
Behavioral,introducing,2
Behavioral,centralizes,1
Behavioral,reduces,3
Behavioral,centralizing,1
Behavioral,complexity,2
Behavioral,object-to-object,1
Behavioral,maintainable,1
Behavioral,manipulation,1
Behavioral,compromise,1
Behavioral,captured,1
Behavioral,stores,2
Behavioral,storing,1
Behavioral,mementos,6
Behavioral,retrieves,1
Behavioral,needed,2
Behavioral,externalizing,1
Behavioral,restoring,1
Behavioral,manages,1
Behavioral,retrieval,1
Behavioral,establishing,1
Behavioral,lead,5
Behavioral,observable,1
Behavioral,maintains,2
Behavioral,subscribers,1
Behavioral,notifies,1
Behavioral,switch-case,1
Behavioral,exhibits,1
Behavioral,switches,1
Behavioral,altering,1
Behavioral,hardcoding,1
Behavioral,poor,1
Behavioral,maintainability,3
Behavioral,conform,1
Behavioral,overall,4
Behavioral,entire,1
Behavioral,lack,1
Behavioral,difficulty,1
Behavioral,variations,1
Behavioral,delegating,1
Behavioral,hook,2
Behavioral,customize,1
Behavioral,high-level,1
Behavioral,extension,1
Behavioral,adhering,1
Behavioral,belong,1
Behavioral,interfaces,3
Behavioral,functionalities,2
Behavioral,leveraging,1
Behavioral,performs,3
Behavioral,sent,2
Behavioral,lose,1
Behavioral,request-response,1
Behavioral,attach,2
Behavioral,processed,3
Behavioral,grammatical,1
Behavioral,represenation,1
Behavioral,iterators,3
Behavioral,hides,1
Behavioral,programs,1
Behavioral,centralized,1
Behavioral,medium,1
Behavioral,disparate,1
Behavioral,helpful,1
Behavioral,enterprise,1
Behavioral,tightly-coupled,1
Behavioral,higher,1
Behavioral,cost,1
Behavioral,focuses,1
Behavioral,help,2
Behavioral,lose-coupling,1
Behavioral,air,1
Behavioral,traffic,1
Behavioral,controller,1
Behavioral,airport,1
Behavioral,room,1
Behavioral,flights,1
Behavioral,router,1
Behavioral,colleagues,2
Behavioral,contract,1
Behavioral,mediators,1
Behavioral,try,1
Behavioral,chat,2
Behavioral,identified,1
Behavioral,received,1
Behavioral,watch,2
Behavioral,watched,1
Behavioral,unregister,1
Behavioral,updates,1
Behavioral,inbuilt,1
Behavioral,platform,1
Behavioral,java.util.observable,1
Behavioral,java.util.observer,1
Behavioral,widely,2
Behavioral,really,1
Behavioral,jms,1
Behavioral,subscribe,4
Behavioral,mvc,1
Behavioral,views,1
Behavioral,if-else,1
Behavioral,condition,1
Behavioral,block,3
Behavioral,systematic,1
Behavioral,loosely,2
Behavioral,forwards,1
Behavioral,policy,1
Behavioral,parameter,3
Behavioral,collections.sort,1
Behavioral,takes,1
Behavioral,comparator,2
Behavioral,getting,1
Behavioral,sorted,1
Behavioral,stub,1
Behavioral,defer,1
Behavioral,suppose,1
Behavioral,house,6
Behavioral,foundation,3
Behavioral,pillars,1
Behavioral,walls,1
Behavioral,windows,2
Behavioral,execution,3
Behavioral,houses,2
Behavioral,wooden,1
Behavioral,glass,1
Behavioral,mostly,1
Behavioral,final,2
Behavioral,move,3
Behavioral,operational,1
Behavioral,shopping,1
Behavioral,cart,1
Behavioral,checkout,1
Behavioral,calculates,1
Behavioral,total,1
Behavioral,paid,1
Behavioral,calculation,1
Behavioral,item,3
Behavioral,varied,2
Behavioral,dealt,2
Behavioral,submitted,1
Behavioral,gang,11
Behavioral,behavioural,11
Behavioral,manner,16
Behavioral,entities,11
Behavioral,continues,2
Behavioral,beforehand,2
Behavioral,style,1
Behavioral,exception,7
Behavioral,c,3
Behavioral,#,3
Behavioral,thrown,1
Behavioral,try-catch,3
Behavioral,suitable,1
Behavioral,moves,1
Behavioral,thought,1
Behavioral,catches,1
Behavioral,express,2
Behavioral,immediately,5
Behavioral,held,3
Behavioral,contained,2
Behavioral,often,3
Behavioral,batch,2
Behavioral,queued,1
Behavioral,capabilities,1
Behavioral,removes,1
Behavioral,link,2
Behavioral,definitions,1
Behavioral,neither,1
Behavioral,determining,1
Behavioral,controlled,1
Behavioral,supporting,1
Behavioral,activities,2
Behavioral,reversible,1
Behavioral,multi-level,1
Behavioral,facility,1
Behavioral,instructions,2
Behavioral,notation,3
Behavioral,whilst,2
Behavioral,developing,1
Behavioral,domain-specific,1
Behavioral,languages,2
Behavioral,fashion,1
Behavioral,upon,10
Behavioral,standalone,1
Behavioral,evaluated,2
Behavioral,generated,1
Behavioral,performance,1
Behavioral,critical,1
Behavioral,unwieldy,1
Behavioral,unmanageable,1
Behavioral,hierarchies,1
Behavioral,slow,1
Behavioral,reasons,1
Behavioral,rarely,1
Behavioral,discounted,1
Behavioral,situations,1
Behavioral,accessed,1
Behavioral,simplistic,1
Behavioral,return,1
Behavioral,determine,1
Behavioral,variation,2
Behavioral,extensively,1
Behavioral,.net,2
Behavioral,included,1
Behavioral,ienumerable,1
Behavioral,ienumerator,1
Behavioral,2.0,1
Behavioral,includes,1
Behavioral,yield,1
Behavioral,keyword,1
Behavioral,simplify,2
Behavioral,communicating,2
Behavioral,requiring,3
Behavioral,removing,2
Behavioral,centralise,1
Behavioral,transmits,1
Behavioral,initiating,1
Behavioral,general,1
Behavioral,rather,2
Behavioral,simplified,1
Behavioral,improve,1
Behavioral,readability,1
Behavioral,increase,1
Behavioral,modifications,1
Behavioral,permits,1
Behavioral,originating,1
Behavioral,importantly,1
Behavioral,commonly,1
Behavioral,gives,1
Behavioral,inherits,1
Behavioral,seen,1
Behavioral,triggered,1
Behavioral,particularly,1
Behavioral,binding,1
Behavioral,behaviour,4
Behavioral,completely,1
Behavioral,substituting,1
Behavioral,appears,1
Behavioral,losing,1
Behavioral,wrapper,1
Behavioral,fundamentally,1
Behavioral,inheriting,1
Behavioral,differences,1
Behavioral,resorting,1
Behavioral,chosen,2
Behavioral,preferences,1
Behavioral,increases,1
Behavioral,incorporated,1
Behavioral,multi-step,1
Behavioral,difference,1
Behavioral,parts,1
Behavioral,replacing,1
Behavioral,entirety,1
Behavioral,overridable,1
Behavioral,relatively,2
Behavioral,creation,1
Behavioral,specifically,1
Behavioral,visited,1
Behavioral,benefit,2
Behavioral,inclusion,1
Behavioral,callback,2
Behavioral,further,1
Structural,why,3
Structural,would,20
Structural,you,59
Structural,want,11
Structural,to,288
Structural,control,10
Structural,access,26
Structural,an,69
Structural,object,142
Structural,?,11
Structural,here,5
Structural,is,142
Structural,example,15
Structural,:,11
Structural,have,23
Structural,a,275
Structural,massive,1
Structural,that,111
Structural,consumes,2
Structural,vast,2
Structural,amount,3
Structural,of,230
Structural,system,12
Structural,resources,2
Structural,.,401
Structural,need,15
Structural,it,76
Structural,from,32
Structural,time,10
Structural,",",234
Structural,but,18
Structural,not,22
Structural,always.you,1
Structural,could,13
Structural,implement,5
Structural,lazy,2
Structural,initialization,2
Structural,create,14
Structural,this,58
Structural,only,12
Structural,when,36
Structural,'s,27
Structural,actually,4
Structural,needed,4
Structural,all,17
Structural,the,554
Structural,clients,17
Structural,execute,4
Structural,some,15
Structural,deferred,1
Structural,code,18
Structural,unfortunately,2
Structural,probably,2
Structural,cause,2
Structural,lot,2
Structural,duplication,1
Structural,in,63
Structural,ideal,2
Structural,world,3
Structural,we,27
Structural,'d,4
Structural,put,2
Structural,directly,5
Structural,into,18
Structural,our,2
Structural,class,88
Structural,n't,5
Structural,always,4
Structural,possible,3
Structural,for,63
Structural,instance,3
Structural,may,21
Structural,be,73
Structural,part,3
Structural,closed,2
Structural,3rd-party,3
Structural,library,11
Structural,fun,1
Structural,after,7
Structural,long,2
Structural,working,5
Structural,hours,2
Structural,decided,1
Structural,simple,9
Structural,video,1
Structural,game,6
Structural,players,1
Structural,moving,1
Structural,around,4
Structural,map,3
Structural,and,160
Structural,shooting,1
Structural,each,26
Structural,other,18
Structural,chose,1
Structural,realistic,1
Structural,particle,3
Structural,make,3
Structural,distinctive,1
Structural,feature,1
Structural,quantities,1
Structural,bullets,1
Structural,missiles,1
Structural,shrapnel,2
Structural,explosions,1
Structural,should,7
Structural,fly,1
Structural,over,3
Structural,deliver,1
Structural,thrilling,1
Structural,experience,1
Structural,player,2
Structural,upon,4
Structural,its,23
Structural,completion,1
Structural,pushed,1
Structural,last,1
Structural,commit,1
Structural,built,1
Structural,sent,1
Structural,your,11
Structural,friend,3
Structural,test,1
Structural,drive,1
Structural,although,2
Structural,was,8
Structural,running,2
Structural,flawlessly,1
Structural,on,24
Structural,machine,3
Structural,able,1
Structural,play,1
Structural,his,2
Structural,computer,2
Structural,kept,1
Structural,crashing,1
Structural,few,2
Structural,minutes,1
Structural,gameplay,1
Structural,spending,1
Structural,several,6
Structural,digging,1
Structural,through,10
Structural,debug,1
Structural,logs,1
Structural,discovered,1
Structural,crashed,2
Structural,because,8
Structural,insufficient,1
Structural,ram,2
Structural,turned,1
Structural,out,1
Structural,rig,1
Structural,much,1
Structural,less,1
Structural,powerful,1
Structural,than,4
Structural,own,5
Structural,problem,13
Structural,emerged,1
Structural,so,16
Structural,quickly,3
Structural,actual,2
Structural,related,3
Structural,such,12
Structural,as,54
Structural,bullet,1
Structural,missile,1
Structural,or,89
Structural,piece,1
Structural,represented,2
Structural,by,52
Structural,separate,6
Structural,containing,3
Structural,plenty,1
Structural,data,13
Structural,at,24
Structural,point,6
Structural,carnage,1
Structural,screen,2
Structural,reached,1
Structural,climax,1
Structural,newly,1
Structural,created,6
Structural,particles,1
Structural,no,4
Structural,longer,1
Structural,fit,1
Structural,remaining,1
Structural,program,9
Structural,imagine,4
Structural,must,2
Structural,work,11
Structural,with,53
Structural,broad,1
Structural,set,10
Structural,objects,94
Structural,belong,1
Structural,sophisticated,1
Structural,framework,1
Structural,ordinarily,1
Structural,initialize,1
Structural,those,2
Structural,keep,1
Structural,track,1
Structural,dependencies,5
Structural,methods,12
Structural,correct,1
Structural,order,2
Structural,result,4
Structural,business,5
Structural,logic,5
Structural,classes,38
Structural,become,2
Structural,tightly,1
Structural,coupled,2
Structural,implementation,50
Structural,details,18
Structural,making,5
Structural,hard,4
Structural,comprehend,1
Structural,maintain,4
Structural,using,11
Structural,composite,19
Structural,pattern,104
Structural,makes,6
Structural,sense,1
Structural,core,6
Structural,model,1
Structural,app,5
Structural,can,63
Structural,tree,7
Structural,two,18
Structural,types,13
Structural,products,7
Structural,boxes,9
Structural,box,3
Structural,contain,6
Structural,well,3
Structural,number,16
Structural,smaller,3
Structural,these,11
Structural,little,1
Structural,also,7
Structural,hold,1
Structural,even,4
Structural,on.say,1
Structural,decide,4
Structural,ordering,1
Structural,uses,6
Structural,orders,1
Structural,without,16
Structural,any,10
Structural,wrapping,11
Structural,stuffed,1
Structural,...,4
Structural,how,6
Structural,determine,2
Structural,total,2
Structural,price,1
Structural,try,1
Structural,direct,4
Structural,approach,8
Structural,unwrap,1
Structural,go,2
Structural,then,6
Structural,calculate,1
Structural,doable,1
Structural,real,24
Structural,;,3
Structural,loop,1
Structural,know,2
Structural,'re,3
Structural,going,2
Structural,nesting,1
Structural,level,6
Structural,nasty,1
Structural,beforehand,1
Structural,either,2
Structural,too,2
Structural,awkward,1
Structural,impossible,2
Structural,notification,5
Structural,which,12
Structural,lets,7
Structural,programs,1
Structural,notify,1
Structural,their,9
Structural,users,4
Structural,about,3
Structural,important,2
Structural,events,1
Structural,initial,1
Structural,version,2
Structural,based,2
Structural,notifier,4
Structural,had,3
Structural,fields,1
Structural,constructor,2
Structural,single,8
Structural,send,2
Structural,method,5
Structural,accept,3
Structural,message,2
Structural,argument,1
Structural,client,34
Structural,list,2
Structural,emails,1
Structural,were,2
Structural,passed,5
Structural,via,2
Structural,third-party,1
Structural,acted,1
Structural,supposed,2
Structural,configure,1
Structural,once,2
Structural,use,30
Structural,something,4
Structural,happened,1
Structural,realize,2
Structural,expect,3
Structural,more,10
Structural,just,1
Structural,email,1
Structural,notifications,4
Structural,many,6
Structural,them,11
Structural,like,7
Structural,receive,1
Structural,sms,1
Structural,critical,1
Structural,issues,3
Structural,others,1
Structural,notified,1
Structural,facebook,1
Structural,course,1
Structural,corporate,1
Structural,love,1
Structural,get,2
Structural,slack,1
Structural,extended,3
Structural,additional,10
Structural,new,18
Structural,subclasses,9
Structural,now,5
Structural,instantiate,2
Structural,desired,3
Structural,further,2
Structural,someone,1
Structural,reasonably,2
Structural,asked,1
Structural,ca,1
Structural,if,14
Structural,house,1
Structural,fire,1
Structural,informed,1
Structural,every,2
Structural,channel,1
Structural,tried,1
Structural,address,1
Structural,creating,21
Structural,special,1
Structural,combined,2
Structural,within,7
Structural,one,14
Structural,however,4
Structural,became,1
Structural,apparent,1
Structural,bloat,1
Structural,immensely,1
Structural,find,3
Structural,way,10
Structural,structure,10
Structural,wo,1
Structural,accidentally,1
Structural,break,2
Structural,guinness,1
Structural,record,1
Structural,abstraction,27
Structural,sound,1
Structural,scary,1
Structural,stay,1
Structural,calm,1
Structural,let,1
Structural,consider,2
Structural,say,4
Structural,geometric,1
Structural,shape,5
Structural,pair,1
Structural,circle,3
Structural,square,2
Structural,extend,6
Structural,hierarchy,12
Structural,incorporate,1
Structural,colors,2
Structural,plan,1
Structural,red,2
Structural,blue,1
Structural,since,2
Structural,already,2
Structural,'ll,1
Structural,four,12
Structural,combinations,2
Structural,bluecircle,1
Structural,redsquare,1
Structural,adding,5
Structural,will,5
Structural,grow,2
Structural,exponentially,3
Structural,add,13
Structural,triangle,3
Structural,introduce,2
Structural,color,4
Structural,require,5
Structural,three,2
Structural,type,4
Structural,worse,2
Structural,becomes,2
Structural,stock,2
Structural,market,1
Structural,monitoring,1
Structural,downloads,1
Structural,multiple,11
Structural,sources,1
Structural,xml,3
Structural,format,2
Structural,displays,1
Structural,nice-looking,1
Structural,charts,1
Structural,diagrams,1
Structural,user,7
Structural,improve,3
Structural,integrating,1
Structural,smart,4
Structural,analytics,2
Structural,there,5
Structural,catch,1
Structural,works,9
Structural,json,1
Structural,change,4
Structural,might,3
Structural,existing,13
Structural,relies,2
Structural,source,3
Structural,first,5
Structural,place,2
Structural,provide,23
Structural,surrogate,10
Structural,placeholder,9
Structural,another,12
Structural,it.use,1
Structural,extra,4
Structural,indirection,4
Structural,support,6
Structural,distributed,1
Structural,controlled,3
Structural,intelligent,2
Structural,access.add,1
Structural,wrapper,6
Structural,delegation,2
Structural,protect,1
Structural,component,15
Structural,undue,1
Structural,complexity.you,1
Structural,resource-hungry,1
Structural,do,4
Structural,unless,1
Structural,until,2
Structural,they,7
Structural,are,32
Structural,requested,2
Structural,client.design,1
Structural,proxy,36
Structural,instantiates,1
Structural,request,4
Structural,remembers,1
Structural,identity,2
Structural,forwards,1
Structural,instigating,1
Structural,subsequent,3
Structural,requests,8
Structural,simply,1
Structural,forwarded,1
Structural,encapsulated,2
Structural,object.there,1
Structural,common,8
Structural,situations,1
Structural,applicable.counting,1
Structural,references,7
Structural,freed,1
Structural,automatically,1
Structural,(,16
Structural,aka,1
Structural,pointer,3
Structural,),15
Structural,loading,1
Structural,persistent,1
Structural,memory,18
Structural,referenced,1
Structural,checking,1
Structural,locked,1
Structural,before,7
Structural,accessed,5
Structural,ensure,2
Structural,unified,6
Structural,interface,62
Structural,interfaces,13
Structural,subsystem,28
Structural,facade,24
Structural,defines,13
Structural,higher-level,3
Structural,easier,4
Structural,wrap,3
Structural,complicated,2
Structural,simpler,1
Structural,segment,1
Structural,community,1
Structural,needs,5
Structural,simplified,9
Structural,overall,2
Structural,functionality,20
Structural,complex,15
Structural,discusses,1
Structural,encapsulating,3
Structural,reduces,2
Structural,learning,1
Structural,curve,1
Structural,necessary,6
Structural,successfully,1
Structural,leverage,1
Structural,promotes,2
Structural,decoupling,3
Structural,potentially,2
Structural,hand,1
Structural,limit,1
Structural,features,3
Structural,flexibility,4
Structural,``,32
Structural,power,1
Structural,'',35
Structural,fairly,1
Structural,advocate,1
Structural,facilitator,1
Structural,all-knowing,1
Structural,oracle,1
Structural,god,1
Structural,sharing,7
Structural,large,9
Structural,numbers,6
Structural,fine-grained,4
Structural,efficiently,5
Structural,motif,2
Structural,gui,1
Structural,strategy,2
Structural,replacing,1
Structural,heavy-weight,1
Structural,widgets,3
Structural,light-weight,2
Structural,gadgets,4
Structural,designing,2
Structural,down,1
Structural,lowest,1
Structural,levels,1
Structural,granularity,2
Structural,provides,26
Structural,optimal,1
Structural,unacceptably,1
Structural,expensive,2
Structural,terms,1
Structural,performance,3
Structural,usage,6
Structural,flyweight,32
Structural,describes,1
Structural,share,7
Structural,allow,4
Structural,fine,2
Structural,prohibitive,1
Structural,cost,4
Structural,divided,2
Structural,pieces,2
Structural,state-dependent,1
Structural,extrinsic,12
Structural,state-independent,1
Structural,intrinsic,10
Structural,state,10
Structural,stored,5
Structural,shared,11
Structural,computed,1
Structural,operations,11
Structural,invoked,1
Structural,illustration,1
Structural,been,4
Structural,re-engineered,1
Structural,whereas,2
Structural,enough,1
Structural,stand,1
Structural,exist,1
Structural,dependent,1
Structural,relationship,1
Structural,parent,1
Structural,layout,2
Structural,manager,2
Structural,widget,1
Structural,context-dependent,1
Structural,event,1
Structural,handling,1
Structural,estate,1
Structural,management,3
Structural,resource,7
Structural,services,2
Structural,gadget,1
Structural,responsible,1
Structural,context-independent,1
Structural,behavior,13
Structural,compose,2
Structural,structures,6
Structural,represent,3
Structural,whole-part,1
Structural,hierarchies,10
Structural,treat,4
Structural,individual,17
Structural,compositions,2
Structural,uniformly.recursive,1
Structural,composition,12
Structural,directories,1
Structural,entries,1
Structural,directory,1
Structural,1-to-many,1
Structural,has,6
Structural,up,2
Structural,hierarchyapplication,1
Structural,manipulate,1
Structural,hierarchical,7
Structural,collection,2
Structural,primitive,4
Structural,processing,2
Structural,handled,2
Structural,differently,2
Structural,having,1
Structural,query,1
Structural,attempting,1
Structural,process,1
Structural,desirable,1
Structural,define,7
Structural,abstract,14
Structural,base,11
Structural,specifies,1
Structural,exercised,1
Structural,uniformly,5
Structural,across,1
Structural,subclass,2
Structural,off,2
Structural,couples,1
Structural,itself,3
Structural,manages,1
Structural,children,1
Structural,whenever,1
Structural,composites,2
Structural,components,10
Structural,.child,1
Structural,[,1
Structural,e.g,2
Structural,addchild,1
Structural,removechild,1
Structural,],1
Structural,normally,1
Structural,defined,2
Structural,desire,1
Structural,primitives,1
Structural,requires,3
Structural,moved,2
Structural,see,2
Structural,opinions,1
Structural,section,1
Structural,below,1
Structural,discussion,1
Structural,safety,1
Structural,versus,1
Structural,transparency,1
Structural,attach,4
Structural,responsibilities,5
Structural,dynamically,8
Structural,decorators,7
Structural,flexible,6
Structural,alternative,5
Structural,subclassing,3
Structural,extending,4
Structural,client-specified,1
Structural,embellishment,1
Structural,recursively,1
Structural,gift,1
Structural,putting,1
Structural,run-time,8
Structural,inheritance,16
Structural,feasible,1
Structural,static,1
Structural,applies,1
Structural,entire,1
Structural,suppose,2
Structural,toolkit,1
Structural,wish,3
Structural,borders,1
Structural,scroll,1
Structural,bars,1
Structural,windows,2
Structural,decorator,19
Structural,suggests,1
Structural,giving,1
Structural,ability,1
Structural,specify,1
Structural,whatever,1
Structural,combination,2
Structural,achieved,2
Structural,following,2
Structural,design,50
Structural,cascading,1
Structural,chaining,1
Structural,together,5
Structural,produce,1
Structural,custom,1
Structural,look,4
Structural,solution,8
Structural,problems,1
Structural,involves,7
Structural,original,7
Structural,inside,3
Structural,both,8
Structural,inherit,1
Structural,recursive,5
Structural,unlimited,1
Structural,layers,2
Structural,added,4
Structural,object.note,1
Structural,allows,7
Structural,presented,2
Structural,remain,1
Structural,constant,1
Structural,successive,1
Structural,specified.also,1
Structural,note,1
Structural,hidden,1
Structural,trying,1
Structural,convert,2
Structural,adapter,16
Structural,otherwise,4
Structural,incompatible,15
Structural,interface.impedance,1
Structural,match,1
Structural,old,5
Structural,systeman,1
Structural,shelf,1
Structural,offers,1
Structural,compelling,1
Structural,reuse,3
Structural,view,2
Structural,compatible,3
Structural,philosophy,1
Structural,architecture,1
Structural,currently,1
Structural,being,3
Structural,developed.reuse,1
Structural,painful,1
Structural,elusive,1
Structural,reason,1
Structural,tribulation,1
Structural,while,3
Structural,reusing,3
Structural,quite,1
Structural,right,1
Structural,between,20
Structural,physical,1
Structural,dimensions,2
Structural,misalignment,1
Structural,timing,1
Structural,synchronization,1
Structural,unfortunate,1
Structural,assumptions,1
Structural,competing,1
Structural,standards.it,1
Structural,inserting,1
Structural,three-prong,1
Structural,electrical,1
Structural,plug,1
Structural,two-prong,1
Structural,wall,1
Structural,outlet,1
Structural,â€,1
Structural,“,3
Structural,kind,1
Structural,intermediary,4
Structural,translates,2
Structural,maps,1
Structural,call,4
Structural,redirects,1
Structural,calls,7
Structural,legacy,1
Structural,implemented,2
Structural,aggregation.adapter,1
Structural,functions,1
Structural,modifier,1
Structural,different,10
Structural,translated,1
Structural,decouple,5
Structural,vary,4
Structural,independently,7
Structural,publish,1
Structural,bury,1
Structural,beyond,1
Structural,encapsulation,1
Structural,insulation,1
Structural,hardening,1
Structural,software,2
Structural,arteries,1
Structural,occurred,1
Structural,implementations,10
Structural,locks,1
Structural,compile-time,1
Structural,binding,3
Structural,composed,1
Structural,domain,1
Structural,thread,4
Structural,scheduling,2
Structural,schedulers,3
Structural,operating,3
Structural,systems,4
Structural,platforms,3
Structural,given,1
Structural,specialization,1
Structural,permutation,1
Structural,platform,2
Structural,java,1
Structural,virtual,2
Structural,what,4
Structural,kinds,4
Structural,five,2
Structural,ten,1
Structural,product,1
Structural,schemes,1
Structural,platforms.the,1
Structural,bridge,18
Structural,proposes,1
Structural,refactoring,1
Structural,explosive,1
Structural,orthogonal,3
Structural,platform-independent,1
Structural,abstractions,5
Structural,platform-dependent,1
Structural,decompose,2
Structural,contains,4
Structural,initialized,1
Structural,concrete,2
Structural,interaction,2
Structural,limited,1
Structural,maintained,1
Structural,interacts,1
Structural,turn,1
Structural,delegates,2
Structural,handle,3
Structural,known,1
Structural,used,35
Structural,body,3
Structural,safely,1
Structural,continue,1
Structural,evolve,1
Structural,entirely,1
Structural,replaced,1
Structural,proliferation,1
Structural,resulting,2
Structural,numerous,1
Structural,among,4
Structural,consequences,1
Structural,include,2
Structural,improved,1
Structural,extensibility,1
Structural,i.e,1
Structural,hiding,3
Structural,clients.bridge,1
Structural,synonym,1
Structural,handle/body,2
Structural,idiom,3
Structural,mechanism,2
Structural,encapsulates,4
Structural,former,1
Structural,latter,1
Structural,viewed,1
Structural,done,2
Structural,manageable,2
Structural,reflect,1
Structural,reference,5
Structural,counting,2
Structural,couldnt,1
Structural,typically,1
Structural,module,2
Structural,integrated,1
Structural,modifications,3
Structural,decouples,1
Structural,usual,1
Structural,appears,1
Structural,logical,1
Structural,nothing,1
Structural,wrong,1
Structural,isnt,1
Structural,permanently,1
Structural,made,6
Structural,affects,1
Structural,where,8
Structural,comes,1
Structural,identify,1
Structural,relationships,8
Structural,does,1
Structural,separating,4
Structural,takes,1
Structural,group,1
Structural,part-whole,2
Structural,trees,1
Structural,uniform,2
Structural,manner,14
Structural,complexities,3
Structural,casting,1
Structural,evaluations,1
Structural,conditional,1
Structural,checks,1
Structural,independent,1
Structural,run,3
Structural,instead,2
Structural,responsibility,1
Structural,exactly,1
Structural,intended,1
Structural,per,1
Structural,gang,8
Structural,–,1
Structural,”,2
Structural,great,2
Structural,thing,1
Structural,doesnt,2
Structural,aware,1
Structural,conforms,1
Structural,open,1
Structural,principle,1
Structural,often,4
Structural,elegance,1
Structural,object-oriented,1
Structural,programming,1
Structural,language,1
Structural,overlooking,1
Structural,simplicity,1
Structural,solve,1
Structural,underlying,19
Structural,handles,1
Structural,interactions,5
Structural,transparently,1
Structural,appropriate,4
Structural,models,4
Structural,says,1
Structural,application,8
Structural,repeated,1
Structural,instantiation,1
Structural,referred,1
Structural,reduce,6
Structural,complexity,2
Structural,objective,1
Structural,creation,2
Structural,represents,2
Structural,defer,1
Structural,instantiating,1
Structural,integrate,2
Structural,communication,2
Structural,protocols,2
Structural,inability,1
Structural,seamlessly,2
Structural,acting,1
Structural,wraps,1
Structural,interact,5
Structural,corresponding,1
Structural,introducing,4
Structural,acts,3
Structural,layer,2
Structural,translation,2
Structural,compatibility,1
Structural,specific,6
Structural,protocol,1
Structural,communicate,2
Structural,needing,2
Structural,modify,8
Structural,codebase,3
Structural,providing,5
Structural,seamless,1
Structural,integration,1
Structural,traditional,2
Structural,tight,1
Structural,coupling,2
Structural,high-level,2
Structural,allowing,9
Structural,delegate,1
Structural,tasks,2
Structural,loose,1
Structural,select,1
Structural,runtime,5
Structural,modifying,6
Structural,affecting,2
Structural,collections,1
Structural,treating,2
Structural,groups,8
Structural,lead,1
Structural,inconsistent,1
Structural,additionally,1
Structural,perform,5
Structural,knowing,1
Structural,consistent,2
Structural,structured,1
Structural,tree-like,1
Structural,representing,2
Structural,enables,1
Structural,applied,6
Structural,functionalities,5
Structural,inheritance-based,1
Structural,approaches,1
Structural,rigid,1
Structural,high,3
Structural,implementing,1
Structural,same,13
Structural,stacked,1
Structural,top,3
Structural,forming,1
Structural,chain,1
Structural,delegating,1
Structural,effectively,3
Structural,various,1
Structural,interacting,1
Structural,cumbersome,1
Structural,requiring,1
Structural,deep,1
Structural,knowledge,2
Structural,internal,1
Structural,hides,3
Structural,entry,1
Structural,coordinates,1
Structural,actions,2
Structural,shielding,1
Structural,centralizing,1
Structural,understand,3
Structural,api,1
Structural,similar,3
Structural,properties,11
Structural,individually,1
Structural,consume,1
Structural,significant,1
Structural,especially,1
Structural,overlapping,1
Structural,characteristics,1
Structural,states,2
Structural,unique,2
Structural,externally,2
Structural,reducing,2
Structural,consumption,1
Structural,improving,1
Structural,promoting,1
Structural,footprint,1
Structural,managed,1
Structural,enabling,1
Structural,due,2
Structural,security,2
Structural,concerns,1
Structural,limitations,1
Structural,accessing,1
Structural,controls,1
Structural,forwarding,1
Structural,mimics,1
Structural,transparent,1
Structural,unaware,1
Structural,mechanisms,1
Structural,unrelated,1
Structural,entities,6
Structural,follows,1
Structural,notion,1
Structural,prefer,1
Structural,diagram,2
Structural,etc,4
Structural,treated,1
Structural,apply,3
Structural,life,1
Structural,-,4
Structural,consists,3
Structural,lines,1
Structural,fill,1
Structural,drawing,3
Structural,gets,2
Structural,parts,1
Structural,leaf,3
Structural,behaviour,4
Structural,elements,7
Structural,building,1
Structural,block,1
Structural,implements,2
Structural,instances,4
Structural,affected,1
Structural,modified,2
Structural,compile,1
Structural,applicable,1
Structural,cant,1
Structural,remove,1
Structural,help,2
Structural,applications,1
Structural,mysql/oracle,1
Structural,database,5
Structural,generate,2
Structural,reports,2
Structural,html,1
Structural,report,2
Structural,pdf,1
Structural,required,8
Structural,connection,2
Structural,increases,1
Structural,names,1
Structural,confusing,1
Structural,difficult,2
Structural,manage,1
Structural,caching,1
Structural,immutable,1
Structural,space,1
Structural,crucial,1
Structural,low,1
Structural,devices,2
Structural,mobile,1
Structural,embedded,1
Structural,load,1
Structural,huge,1
Structural,heavy,1
Structural,consuming,1
Structural,divide,1
Structural,property,1
Structural,definition,1
Structural,very,3
Structural,clear,1
Structural,command,3
Structural,give,1
Structural,severe,1
Structural,issue,1
Structural,delete,1
Structural,files,1
Structural,settings,1
Structural,dont,1
Structural,link,2
Structural,adaptee,2
Structural,supports,2
Structural,translator,1
Structural,structural,7
Structural,means,4
Structural,replace,2
Structural,separates,1
Structural,technical,1
Structural,cleaner,1
Structural,real-world,1
Structural,changed,2
Structural,easily,2
Structural,interoperability,1
Structural,permits,1
Structural,changing,2
Structural,databases,1
Structural,impact,1
Structural,included,2
Structural,generally,3
Structural,problematic,1
Structural,refined,1
Structural,twenty,1
Structural,lots,1
Structural,overlap,1
Structural,far,1
Structural,fewer,1
Structural,simplest,1
Structural,scenarios,1
Structural,removing,1
Structural,benefit,1
Structural,introduces,1
Structural,possibility,1
Structural,permit,1
Structural,switch,1
Structural,interoperates,1
Structural,whether,1
Structural,store,2
Structural,information,5
Structural,file,6
Structural,storage,2
Structural,element,2
Structural,utilised,2
Structural,standard,2
Structural,includes,1
Structural,branch,1
Structural,alter,2
Structural,extends,1
Structural,members,6
Structural,rather,1
Structural,changes,2
Structural,response,1
Structural,conditions,1
Structural,user-selected,1
Structural,options,1
Structural,rules,1
Structural,decorated,1
Structural,manners,1
Structural,addition,1
Structural,incrementally,1
Structural,simplify,1
Structural,poorly,2
Structural,designed,2
Structural,subsystems,2
Structural,single-class,1
Structural,interdependent,1
Structural,particularly,2
Structural,understood,1
Structural,behalf,1
Structural,useful,1
Structural,refactored,1
Structural,unavailable,1
Structural,widely,1
Structural,sometimes,1
Structural,subsets,1
Structural,purposes,1
Structural,hundreds,4
Structural,thousands,5
Structural,minimise,1
Structural,identical,1
Structural,stateless,2
Structural,flyweights,1
Structural,lower,1
Structural,requirements,1
Structural,small,1
Structural,depending,1
Structural,scenario,1
Structural,target,1
Structural,environment,1
Structural,cases,1
Structural,duplicated,1
Structural,true,1
Structural,unchanging,1
Structural,main,3
Structural,drastically,1
Structural,concepts,1
Structural,held,4
Structural,remains,1
Structural,unchanged,1
Structural,replicated,1
Structural,amongst,1
Structural,stateful,1
Structural,outside,1
Structural,never,1
Structural,variation,1
Structural,factory,3
Structural,generation,1
Structural,receives,1
Structural,matching,2
Structural,particular,1
Structural,returned,4
Structural,generated,2
Structural,usually,1
Structural,full,2
Structural,available,1
Structural,hashtable,1
Structural,public,2
Structural,subject,6
Structural,accepting,2
Structural,passing,2
Structural,creates,1
Structural,pass,1
Structural,return,2
Structural,results,4
Structural,proxies,2
Structural,efficiency,2
Structural,enhance,1
Structural,adds,2
Structural,perhaps,1
Structural,slow,1
Structural,resource-intensive,2
Structural,cache,1
Structural,improves,1
Structural,long-running,1
Structural,seldom-changing,1
Structural,calculates,1
Structural,prime,2
Structural,cached,1
Structural,recalculating,1
Structural,protection,2
Structural,retrieve,1
Structural,sensitive,1
Structural,authentication,1
Structural,filter,1
Structural,according,1
Structural,rights,1
Structural,authenticated,1
Structural,remote,3
Structural,local,2
Structural,location,1
Structural,network,2
Structural,performs,1
Structural,encode,1
Structural,transfer,1
Structural,returning,1
Structural,visual,1
Structural,studio,1
Structural,web,1
Structural,service,1
Structural,invisible,1
Structural,counter,1
Structural,reaches,1
Structural,zero,1
Structural,removed,1
Structural,log,1
Structural,detail,1
Structural,populated,2
Structural,form,1
Structural,initialisation,1
Structural,utility,1
Structural,explorer,1
Structural,visible,1
Structural,obtaining,1
Structural,name,1
Structural,size,1
Structural,easy-to-retrieve,1
Structural,document,1
Structural,preview,1
Structural,contents,1
Structural,slower,1
Creational,the,359
Creational,singleton,25
Creational,pattern,81
Creational,solves,3
Creational,two,1
Creational,problems,3
Creational,at,9
Creational,same,13
Creational,time,10
Creational,",",157
Creational,violating,1
Creational,single,10
Creational,responsibility,3
Creational,principle,3
Creational,:,8
Creational,nowadays,1
Creational,has,6
Creational,become,3
Creational,so,10
Creational,popular,2
Creational,that,78
Creational,people,1
Creational,may,3
Creational,call,1
Creational,something,1
Creational,a,179
Creational,even,3
Creational,if,14
Creational,it,46
Creational,just,1
Creational,one,23
Creational,of,177
Creational,listed,1
Creational,.,232
Creational,imagine,3
Creational,complex,18
Creational,object,105
Creational,requires,3
Creational,laborious,1
Creational,step-by-step,6
Creational,initialization,16
Creational,many,5
Creational,fields,3
Creational,and,94
Creational,nested,1
Creational,objects,73
Creational,such,5
Creational,code,26
Creational,is,99
Creational,usually,2
Creational,buried,1
Creational,inside,2
Creational,monstrous,1
Creational,constructor,13
Creational,with,29
Creational,lots,2
Creational,parameters,11
Creational,or,38
Creational,worse,1
Creational,scattered,1
Creational,all,21
Creational,over,3
Creational,client,22
Creational,for,47
Creational,example,4
Creational,let,2
Creational,'s,10
Creational,think,1
Creational,about,3
Creational,how,6
Creational,to,145
Creational,create,48
Creational,house,6
Creational,build,3
Creational,simple,1
Creational,you,43
Creational,need,12
Creational,construct,4
Creational,four,7
Creational,walls,1
Creational,floor,1
Creational,install,1
Creational,door,1
Creational,fit,1
Creational,pair,1
Creational,windows,1
Creational,roof,1
Creational,but,17
Creational,what,1
Creational,want,6
Creational,bigger,1
Creational,brighter,1
Creational,backyard,1
Creational,other,6
Creational,goodies,1
Creational,(,10
Creational,like,3
Creational,heating,1
Creational,system,3
Creational,plumbing,1
Creational,electrical,1
Creational,wiring,1
Creational,),10
Creational,?,5
Creational,simplest,2
Creational,solution,6
Creational,extend,2
Creational,base,5
Creational,class,86
Creational,set,5
Creational,subclasses,12
Creational,cover,1
Creational,combinations,1
Creational,eventually,1
Creational,'ll,1
Creational,end,2
Creational,up,2
Creational,considerable,1
Creational,number,7
Creational,any,7
Creational,new,33
Creational,parameter,2
Creational,as,28
Creational,porch,1
Creational,style,1
Creational,will,16
Creational,require,3
Creational,growing,1
Creational,this,31
Creational,hierarchy,2
Creational,more,7
Creational,there,6
Creational,another,5
Creational,approach,9
Creational,does,3
Creational,n't,6
Creational,involve,1
Creational,breeding,1
Creational,can,30
Creational,giant,1
Creational,right,2
Creational,in,33
Creational,possible,2
Creational,control,8
Creational,while,3
Creational,indeed,1
Creational,eliminates,1
Creational,creates,5
Creational,problem,9
Creational,most,4
Creational,cases,1
Creational,be,30
Creational,unused,1
Creational,making,5
Creational,calls,6
Creational,pretty,3
Creational,ugly,1
Creational,instance,39
Creational,only,21
Creational,fraction,1
Creational,houses,1
Creational,have,13
Creational,swimming,2
Creational,pools,2
Creational,related,11
Creational,useless,1
Creational,nine,1
Creational,times,3
Creational,out,4
Creational,ten,1
Creational,say,1
Creational,an,38
Creational,exact,4
Creational,copy,11
Creational,would,5
Creational,do,6
Creational,first,7
Creational,then,11
Creational,go,1
Creational,through,3
Creational,original,6
Creational,their,10
Creational,values,1
Creational,object.nice,1
Creational,!,1
Creational,catch,2
Creational,not,14
Creational,copied,3
Creational,way,8
Creational,because,5
Creational,some,4
Creational,private,7
Creational,visible,2
Creational,from,23
Creational,outside,1
Creational,itself,2
Creational,direct,2
Creational,since,1
Creational,know,4
Creational,duplicate,1
Creational,your,6
Creational,becomes,3
Creational,dependent,4
Creational,on,17
Creational,extra,1
Creational,dependency,2
Creational,scare,1
Creational,sometimes,1
Creational,interface,12
Creational,follows,1
Creational,its,9
Creational,concrete,18
Creational,when,17
Creational,method,27
Creational,accepts,1
Creational,follow,2
Creational,'re,2
Creational,creating,23
Creational,furniture,4
Creational,shop,1
Creational,simulator,1
Creational,consists,1
Creational,classes,17
Creational,represent,1
Creational,individual,2
Creational,they,3
Creational,match,1
Creational,family,10
Creational,customers,1
Creational,get,5
Creational,quite,1
Creational,mad,1
Creational,receive,2
Creational,non-matching,1
Creational,also,3
Creational,change,4
Creational,existing,10
Creational,adding,3
Creational,products,7
Creational,families,12
Creational,program,4
Creational,vendors,1
Creational,update,1
Creational,catalogs,1
Creational,very,1
Creational,often,3
Creational,core,1
Creational,each,10
Creational,happens,1
Creational,logistics,2
Creational,management,2
Creational,application,9
Creational,version,1
Creational,app,6
Creational,handle,1
Creational,transportation,4
Creational,by,38
Creational,trucks,1
Creational,bulk,1
Creational,lives,1
Creational,truck,2
Creational,after,1
Creational,day,1
Creational,dozens,1
Creational,requests,1
Creational,sea,2
Creational,companies,1
Creational,incorporate,1
Creational,into,6
Creational,great,1
Creational,news,1
Creational,present,1
Creational,coupled,3
Creational,ships,1
Creational,changes,4
Creational,entire,3
Creational,codebase,1
Creational,moreover,1
Creational,later,1
Creational,decide,2
Creational,add,1
Creational,type,9
Creational,probably,1
Creational,make,4
Creational,these,4
Creational,again,2
Creational,result,3
Creational,nasty,1
Creational,riddled,1
Creational,conditionals,1
Creational,switch,2
Creational,behavior,3
Creational,depending,2
Creational,ensure,5
Creational,provide,11
Creational,global,10
Creational,point,8
Creational,access,16
Creational,encapsulated,1
Creational,``,25
Creational,just-in-time,1
Creational,'',25
Creational,use,7
Creational,needs,9
Creational,additionally,1
Creational,lazy,2
Creational,are,18
Creational,necessary.make,1
Creational,responsible,1
Creational,creation,27
Creational,enforcement,1
Creational,declare,1
Creational,static,8
Creational,data,7
Creational,member,3
Creational,public,2
Creational,function,3
Creational,encapsulates,2
Creational,provides,9
Creational,instance.the,1
Creational,accessor,2
Creational,using,14
Creational,name,3
Creational,scope,1
Creational,resolution,1
Creational,operator,6
Creational,whenever,2
Creational,reference,5
Creational,required.singleton,1
Creational,should,3
Creational,considered,4
Creational,three,1
Creational,following,1
Creational,criteria,1
Creational,satisfied,1
Creational,ownership,2
Creational,reasonably,1
Creational,assignedlazy,1
Creational,desirableglobal,1
Creational,otherwise,1
Creational,provided,5
Creational,forif,1
Creational,occurs,1
Creational,issues,2
Creational,sufficiently,1
Creational,interesting.the,1
Creational,extended,1
Creational,support,3
Creational,application-specific,1
Creational,instances.the,2
Creational,subclassing,2
Creational,desired,4
Creational,refer,3
Creational,discussion,2
Creational,book.deleting,1
Creational,class/instance,1
Creational,non-trivial,1
Creational,design,35
Creational,see,3
Creational,kill,1
Creational,john,1
Creational,vlissides,1
Creational,specify,4
Creational,kinds,2
Creational,prototypical,3
Creational,copying,9
Creational,prototype.co-opt,1
Creational,breeder,1
Creational,future,1
Creational,harmful.application,1
Creational,hard,1
Creational,wires,1
Creational,expression.declare,1
Creational,abstract,25
Creational,specifies,2
Creational,pure,2
Creational,virtual,3
Creational,clone,11
Creational,maintains,2
Creational,dictionary,1
Creational,cloneable,1
Creational,derived,2
Creational,polymorphic,1
Creational,capability,1
Creational,derives,1
Creational,registers,1
Creational,implements,1
Creational,operation.the,1
Creational,instead,6
Creational,writing,1
Creational,invokes,2
Creational,hard-wired,1
Creational,operation,4
Creational,supplying,1
Creational,string,1
Creational,enumerated,1
Creational,designates,1
Creational,particular,3
Creational,separate,3
Creational,construction,18
Creational,representation,4
Creational,process,11
Creational,different,7
Creational,representations.parse,1
Creational,several,1
Creational,targets.an,1
Creational,elements,1
Creational,aggregate,2
Creational,specification,1
Creational,exists,2
Creational,secondary,1
Creational,storage,1
Creational,representations,3
Creational,built,1
Creational,primary,1
Creational,storage.separate,1
Creational,algorithm,7
Creational,interpreting,1
Creational,i.e,1
Creational,reading,1
Creational,parsing,1
Creational,stored,1
Creational,persistence,1
Creational,mechanism,3
Creational,e.g,2
Creational,rtf,1
Creational,files,2
Creational,building,1
Creational,representing,1
Creational,target,1
Creational,ascii,1
Creational,tex,1
Creational,text,1
Creational,widget,1
Creational,focus/distinction,1
Creational,aggregates.the,1
Creational,director,4
Creational,builder,17
Creational,services,2
Creational,interprets,1
Creational,external,4
Creational,format,1
Creational,part,1
Creational,called,4
Creational,intermediate,1
Creational,state,4
Creational,product,4
Creational,finished,3
Creational,retrieves,1
Creational,.affords,1
Creational,finer,1
Creational,unlike,1
Creational,creational,7
Creational,patterns,3
Creational,shot,1
Creational,constructs,1
Creational,step,7
Creational,under,1
Creational,define,2
Creational,which,9
Creational,instantiate,6
Creational,factory,61
Creational,lets,2
Creational,defer,1
Creational,instantiation,10
Creational,subclasses.defining,1
Creational,constructor.the,1
Creational,harmful.a,1
Creational,framework,3
Creational,standardize,1
Creational,architectural,2
Creational,model,1
Creational,range,1
Creational,applications,2
Creational,allow,1
Creational,own,1
Creational,domain,1
Creational,instantiation.factory,1
Creational,template,1
Creational,implementing,1
Creational,superclass,3
Creational,standard,2
Creational,generic,1
Creational,placeholders,1
Creational,steps,2
Creational,delegates,2
Creational,details,2
Creational,supplied,1
Creational,client.factory,1
Creational,makes,3
Creational,customizable,1
Creational,little,1
Creational,complicated,1
Creational,whereas,1
Creational,operation.people,1
Creational,;,1
Creational,necessary,3
Creational,instantiated,5
Creational,never,2
Creational,takes,3
Creational,place,1
Creational,easily,1
Creational,override,1
Creational,.factory,1
Creational,similar,3
Creational,without,13
Creational,emphasis,1
Creational,families.factory,1
Creational,methods,4
Creational,routinely,2
Creational,specified,1
Creational,implemented,2
Creational,user,1
Creational,specifying,7
Creational,platforms,3
Creational,suite,1
Creational,harmful,1
Creational,portable,1
Creational,encapsulate,1
Creational,platform,3
Creational,dependencies,2
Creational,might,1
Creational,include,1
Creational,windowing,1
Creational,operating,1
Creational,database,4
Creational,etc,2
Creational,too,1
Creational,encapsulation,1
Creational,engineered,1
Creational,advance,1
Creational,#,1
Creational,ifdef,1
Creational,case,1
Creational,statements,1
Creational,options,1
Creational,currently,1
Creational,supported,1
Creational,begin,1
Creational,procreate,1
Creational,rabbits,1
Creational,throughout,2
Creational,code.provide,1
Creational,level,1
Creational,indirection,1
Creational,abstracts,1
Creational,directly,7
Creational,esponsibility,1
Creational,providing,6
Creational,clients,1
Creational,ask,1
Creational,them.this,1
Creational,exchanging,1
Creational,easy,3
Creational,specific,8
Creational,appears,1
Creational,once,3
Creational,-,2
Creational,where,4
Creational,wholesale,1
Creational,replace,3
Creational,simply,4
Creational,instantiating,4
Creational,service,1
Creational,pervasive,1
Creational,allows,13
Creational,classic,1
Creational,gang,6
Creational,used,21
Creational,designed,1
Creational,work,2
Creational,together,1
Creational,view,1
Creational,means,3
Creational,knowing,1
Creational,definitions,1
Creational,names,1
Creational,uses,4
Creational,composition,1
Creational,objects.object,1
Creational,enforce,1
Creational,remains,1
Creational,suggests,1
Creational,acts,1
Creational,factories,2
Creational,favors,1
Creational,invocation,1
Creational,java,5
Creational,defers,1
Creational,run,1
Creational,implement,3
Creational,select,1
Creational,whose,1
Creational,created,17
Creational,prototype,20
Creational,requesting,2
Creational,start,1
Creational,copies,5
Creational,achieved,1
Creational,cloning,4
Creational,why,1
Creational,we,12
Creational,much,1
Creational,simpler,1
Creational,move,1
Creational,enterprise,1
Creational,development,1
Creational,performance,2
Creational,critical,1
Creational,encounter,1
Creational,situations,2
Creational,involves,4
Creational,consuming,1
Creational,operations,3
Creational,network,1
Creational,communication,1
Creational,reads,1
Creational,disk,1
Creational,i/o,1
Creational,large,4
Creational,avoid,1
Creational,repeating,1
Creational,those,1
Creational,initially,1
Creational,ensures,5
Creational,already,2
Creational,been,1
Creational,returns,5
Creational,implementation,3
Creational,singletonclass,1
Creational,made,1
Creational,sure,1
Creational,no,1
Creational,known,2
Creational,–,1
Creational,restricts,3
Creational,until,2
Creational,requested,1
Creational,useful,4
Creational,typical,1
Creational,examples,1
Creational,could,1
Creational,shortly,1
Creational,describe,1
Creational,“,1
Creational,managers,1
Creational,”,1
Creational,manage,1
Creational,resources,3
Creational,read,1
Creational,configuration,1
Creational,threads,1
Creational,share,1
Creational,common,1
Creational,theme,1
Creational,among,1
Creational,them,1
Creational,however,3
Creational,compatible,2
Creational,consistent,4
Creational,across,1
Creational,tight,1
Creational,coupling,2
Creational,difficulty,1
Creational,managing,1
Creational,variations,2
Creational,introducing,2
Creational,defines,1
Creational,subclass,3
Creational,represents,1
Creational,variant,1
Creational,interacts,2
Creational,instances,3
Creational,decouples,1
Creational,implementations,1
Creational,works,5
Creational,promotes,1
Creational,inversion,1
Creational,abstraction,1
Creational,depends,2
Creational,being,1
Creational,tightly,2
Creational,types,2
Creational,needing,1
Creational,involved,1
Creational,varying,1
Creational,configurations,3
Creational,traditional,1
Creational,constructing,2
Creational,multiple,7
Creational,setters,1
Creational,cumbersome,1
Creational,especially,2
Creational,dealing,1
Creational,numerous,1
Creational,optional,3
Creational,logic,4
Creational,separating,2
Creational,handles,1
Creational,setting,1
Creational,properties,7
Creational,retrieving,1
Creational,final,2
Creational,constructed,1
Creational,simplifying,1
Creational,clear,1
Creational,readable,1
Creational,api,1
Creational,fluent,1
Creational,intuitive,1
Creational,configuring,1
Creational,controlled,2
Creational,various,1
Creational,constructors,4
Creational,arise,1
Creational,decouple,1
Creational,difficult,1
Creational,defining,2
Creational,actual,1
Creational,relies,1
Creational,defined,1
Creational,encapsulating,1
Creational,allowing,1
Creational,flexibility,2
Creational,extensibility,1
Creational,adheres,1
Creational,open-closed,1
Creational,open,1
Creational,extension,1
Creational,closed,1
Creational,modification,2
Creational,introduced,2
Creational,depend,1
Creational,abstractions,1
Creational,rather,1
Creational,than,2
Creational,promoting,1
Creational,loose,1
Creational,scratch,2
Creational,expensive,1
Creational,terms,1
Creational,costly,3
Creational,lead,1
Creational,inefficient,3
Creational,reduced,1
Creational,serves,1
Creational,blueprint,2
Creational,modify,5
Creational,shallow,4
Creational,deep,5
Creational,complexity,1
Creational,internal,1
Creational,references,3
Creational,efficiently,1
Creational,ones,1
Creational,reducing,1
Creational,overhead,1
Creational,leveraging,1
Creational,eliminate,1
Creational,required,4
Creational,efficient,1
Creational,customization,1
Creational,maintaining,1
Creational,optimized,1
Creational,resource,3
Creational,coordination,1
Creational,maintain,1
Creational,central,1
Creational,shared,1
Creational,functionality,1
Creational,leading,2
Creational,unnecessary,1
Creational,allocation,1
Creational,inconsistent,3
Creational,ensuring,1
Creational,controls,3
Creational,subsequent,1
Creational,enforcing,1
Creational,restricting,1
Creational,prevents,1
Creational,returned,1
Creational,regardless,1
Creational,us,1
Creational,familiar,1
Creational,notice,1
Creational,based,3
Creational,input,3
Creational,if-else,2
Creational,statement,1
Creational,achieve,1
Creational,rid,1
Creational,block,1
Creational,sub-class,3
Creational,return,3
Creational,seems,1
Creational,confusing,1
Creational,really,1
Creational,grasp,1
Creational,understand,2
Creational,minor,1
Creational,difference,1
Creational,between,1
Creational,our,4
Creational,post,1
Creational,sub-classes,2
Creational,finally,1
Creational,was,1
Creational,solve,2
Creational,contains,3
Creational,lot,2
Creational,attributes,2
Creational,setter,1
Creational,unless,1
Creational,explicitly,1
Creational,issue,1
Creational,actually,1
Creational,learn,1
Creational,look,1
Creational,advantages,1
Creational,usage,1
Creational,jdk,1
Creational,according,3
Creational,requirements,2
Creational,affair,1
Creational,suppose,1
Creational,loads,1
Creational,now,1
Creational,good,1
Creational,idea,1
Creational,keyword,1
Creational,load,1
Creational,better,1
Creational,manipulation,1
Creational,mandates,1
Creational,feature,1
Creational,done,1
Creational,whether,1
Creational,decision,1
Creational,must,3
Creational,logging,1
Creational,drivers,1
Creational,caching,1
Creational,thread,1
Creational,pool,1
Creational,restrict,1
Creational,variable,2
Creational,outer,1
Creational,world,1
Creational,dependant,3
Creational,determined,4
Creational,run-time,5
Creational,groups,1
Creational,requirement,1
Creational,generates,2
Creational,sets,1
Creational,selection,1
Creational,constituent,2
Creational,parts,2
Creational,order,2
Creational,correct,1
Creational,sequence,1
Creational,actions,1
Creational,abstracting,2
Creational,generation,3
Creational,determination,1
Creational,independent,3
Creational,practise,2
Creational,particularly,2
Creational,permits,1
Creational,altering,1
Creational,brand,1
Creational,general,1
Creational,cloned,2
Creational,either,1
Creational,duplicates,2
Creational,property,1
Creational,referenced,1
Creational,both,1
Creational,clones,1
Creational,main,1
Creational,child,1
Creational,giving,1
Creational,truly,1
Creational,though,1
Creational,upon,1
Creational,situation,1
Creational,ever,2
Creational,further,2
Creational,underlying,2
Creational,concurrent,1
Creational,additional,1
Creational,previously,1
Creational,limited,1
Creational,appropriate,1
Creational,points,1
Creational,risk,1
