Behavioral,Visitor,chang real provid highli product stuff alien node seem app potenti export straightforward class other market execut forc code didn’t job first road etc may like team method system ask repres got imagin differ entiti fragil question nodesunfortun pretti xml format sens bug hood preciou work request coloss complex granular whether therether alter specif allow architect type graph break look simpl point citi primari plan structur objectat polymorph featur would go thing refus thank make geodata solut there’ eleg inform concret one add area want leverag reason abil recurs call within changesbesid someon depart weird weren’t exist develop also alreadi connect object task anoth said implement behavior coupl geograph risk sightse industri
Behavioral,Command,depend clickbefor use gener long gui small bunch stuff app operation’ modifi neat handler ton oper copyingpast class ctrlc flaw execut option code you’r new they’r first base multipl put time user imagin suppos differ could becom insid awkwardli work okay text enorm wors hit shortcut copi similar simpli duplic simplest subclass break look either approach would toolbar thing make keyboardiniti texteditor solut fine deepli even need word exampl button part weren’t busi menu number editor realiz via invok “copy” task current creat volatil well place implement variou mani dialogswhil someth click risk context ugliest contain logicand copybutton here’
Behavioral,Strategy,center chang spend use error rout chanc drive releas fastest teamwork app perspect orient cityon walk produc class version hire score later car option code first new everybodi road build like size street beauti ineffici address time user requir algorithm could joy destin automat success see teammat transport beast bug abl updat request fix conflict hard increas whether merg cyclist mapth adjust addit tourist right map whole becam technic simpl point display around plan travel huge next complain featur let caus codein help maintainani public quickli one add even slight decid peopl city’ vacat ad part headach casual busi doubl routeshowev navig resolv anoth creat day affect implement mani burst enter begin main attractionswhil alreadywork appar much
Behavioral,Memento,depend latest let’ chang we’v use real solv reach you’d kind insert undo actual restor histori app imposs edit exactli otherwis containermost remov oper produc peek class might outer other dead later easi fetch you’r quit consid everi posit like etc detail method put must repres objects’ user perform snapshot imagin requir behav state fragil becom lot inlin insid open keep format data coordin nowaday collect happen work easili text littl mirror valu therefor minimum relat chose hide common addit privat “snapshots” copi hippi allow content save revert classesit look signific simpl point either way approach think cursor let featur would carri fieldsignor access go action make editor’ assum etcat there’ public store take one issu add read decid peopl problem respons need refactor within imag howev bare intern futur without editor list almost probabl also immedi direct object restrict current expect creat storag sound affect implement still end record won’t objectslet’ seriou field objectsbut year scroll write unfortun contain expos prefer relax
Behavioral,Mediator,directli save much use element reveal databi either etcsom elements’ app none logic edit select anoth insid creat valid involv render consist instanc implement variou reus say checkbox enter make custom dialog hidden dog’ class control won’t profil field other text “i dog” coupl name valu it’ code interact submit harder may exampl button abl form
Behavioral,Observer,save it’d we’v wast look rout time got either imagin model productsit product check notifi brand object spam interest could would email becom day aren’t visit still ton say hand custom soonth upset might particular send store endless conflict wrong it’ en trip pointlesson two consid new resourc everi like iphon avail type
Behavioral,Chain of Responsibility,sever chang check sequenti correct maintain attempt other tri user’ code you’r new like system must user perform requir imagin whenev sometim proceed aren’t protect full sinc reus work request hard fail struggl compon authent whole duplic becam look plan next themth featur expens access thing order month there’ one want decid reason refactor administr ad applic bit checksdur howev permiss worst also realiz alreadi restrict creat day credenti bloat affect implement comprehend onlin receiv mess ordersaft contain checksth
Behavioral,Iterator,structuresbut use provid gener sequenti class might nonetheless easi option code group job blur matter may like base must element requir algorithm care overthi suppos differ effici tailor yet includ sinc data collect work weirdon loop complex addit specif type graph simpl way random primari elementsad structur next depthfirst would gradual access go that’ fine store one tree even respons need exampl client program applic breadthfirst howev without list week objectsmost sound storag day travers variou stack someth hand els coupl contain
Behavioral,State,depend chang heard appli publish httpsrefactoringgurufsmth evolv predeterminedy uniqu three maintain project condit weak finit class stage pattern you’v document code predict quit design least pick limit everi moment may like ring base switch method reveal follow time requir imagin behav concept state differ methodth lot bigger idea moder work start littl valu it’ usual relat get proper finitest close rule structur approach possibl never object’ there’ bellth set machin one grow even problem lean within call program given ad bit howev number biggest certain also probabl statedepend object instantan logic transit current select anoth statement appropri monstrou bloat accord henc implement draft behavior built field “state” mess main contain tend difficult statest
Behavioral,Template Method,depend process great use corpor you’d extract app three meaning condit analyz class version tri filesat later document entir code intactther you’r first pick pdf ident base method cours follow user deal mine imagin algorithm notic differ could lot format data abl work relat leav common get proper similar duplic point file structur polymorph formatth month action problem csv call support client applic doc almost uniform feed object anoth creat analysi variou “taught” elimin wouldn’t rid interfac
Structural,Proxy,directli put system close defer massiv amount time probabl duplicationin consum actual object lazi possibl alwaysy could caus isn’t would lot world 3rdparti creat access implement instanc object’ class ideal initi control we’d execut want it’ librari vast code unfortun need resourc exampl may client alway part
Structural,Flyweight,distinct sever spend amount remain reach drive long actual although missil video player’ plenti newli log shoot debug explos quantiti particl power turn hour system repres friend’ minut discov bullet machineth separ data run abl work game friend shrapnel carnag relat chose thrill emerg map piec less simpl point ram around screen playerupon featur crash push would kept dig fun move make that’ fit complet flawlessli machin quickli wasn’t decid gameplay problem commit longer program experi comput rig test insuffici object play fli creat implement built player last climax vast contain sent realist deliv much
Structural,Facade,depend must broad busi you’d imagin object track logic would becom sophist correct 3rdparti keep maintain belong ordinarili framework implement order make comprehend class work initi ona coupl set tightli execut result librari code hard need detail method
Structural,Composite,system smaller sever wrap stuf use number composit repres simpl without real also either imagin model hold product productsand onsay direct object determin approach app could imposs would total world nest creat go well box order nasti core sens make class price run pattern tri level loop littl even calcul it’ decid ordery beforehand doabl unwrap two you’r contain awkward know exampl detail program treefor type
Structural,Decorator,sever use corpor you’d accident extend can’t notifi app email eventsth class version sm other notificationshow hous send tri accept librari code fire you’r new everi like base notif method put import cours ask address time user imagin “whi suppos could thirdparti love work act messag constructor hard guin immens get addit argument type becam subclass break find point instanti channel”y way structur approach let would critic initi inform quickli issu one want wellyou combin problem reason within singl program client facebook someon howev number list probabl realiz via special object desir configur pass expect creat bloat mani someth record won’t receiv notificationsbut field slack happenedat appar
Structural,Bridge,color subclass let’ simpl calm hierarchi you’d shape squar alreadi requir plan extend examplesay three would becom scari sound creat go introduc implement pair geometr sinc class you’ll stay triangl grow add want one redsquaread exponenti wors combin abstract circl two consid new need four exampl incorpor bluecircl red ad blue howev type
Creational,Singleton,solv list time becom someth violat pattern popular one even peopl problem principlenowaday two respons singleton call may singl
Structural,Adapter,break chang exist point json display imagin integr approach sourc app could imposs diagram monitor 3rdparti creat chart xml access format stock catch place userat reli data make work there’ might market download smart wors improv decid librari code formaty you’r first library’ multipl nicelook analyt howev
Creational,Builder,scatter let’ inde extend doesn’t buri nest swim porch class control paramet hous code goodi new four build like base system stepbystep useless plumb problemin hierarchi time requir imagin wiringth lot insid pretti bigger wall instanc consider heat unus pool floor complex wors constructor usual electr relat fraction right simplest subclass codefor simpl door roof labori approach think possibl construct involv make fit window initi solut set ten grow want eventu even combin brighter need breed call exampl client style giant instal number object anoth creat monstrou pair mani end elimin ugli you’ll field backyard cover morethere’ nine case
Creational,Prototype,duplic depend scare objectnic follow extra origin way doesn’t direct object approach sometim would becom anoth creat go catch sinc say object’ class there’ field paramet itselfthere’ visibl concret one want outsid exact valu accept code problem first new privat know may exampl copi interfac method
Creational,Abstract Factory,furnitur famili chang exist individu catalog time way imagin product object don’t creat shop simul representy consist core match nonmatch class custom mad wouldn’t often updat receiv happen want code you’r quit new need get furniturealso program ad vendor
Creational,Factory Method,depend manag appgreat news truck compani chang handl present classaft probabl requir imagin object logist app bulk would becom ship insid anoth pretti creat condit day nasti behavior transport moreov end make class version app’ coupl receiv againa sea ad request popular later add result entir live code decid riddl you’r first need incorpor codebas applic right dozen switch type
Behavioral,Visitor,depend distinct process chang amount appli refer hierarchyeach setup node correct remov perspectiverational oper class pollut control pattern deriv sync execut inherit lost routin dont name proce accept code easi acknowledg oo design new heterogen sole dispatchth base plu method unrel equal dispatchmani element repres follow hierarchi origin perform requir perhap model algorithm statu techniqu promot regress aggreg keep instanc full visit separ data pure easili request messag subclassvisitor avoid classeach nontradit right argument simpli queri type subclass util manifest recov find objectsdoubl defin primari structur goal effortan approach prohibit let caus stabl overload thing vector make concret add interpret want encourag two respons need call support singl client ad legitim virtual pointer doubl without decomposit list function flow invok object desir better pass appropri creat declar implement behavior lightweight visitsth informationdo cast receiv methodadd visitor argumenteveryth abstract alloc purpos objectth operationvisitor classic dispatch operatesth
Behavioral,Template Method,center chang use extend univers classth variant label oper class custom control deriv sun dont option design effort base method must defer standard repres hook requir invari algorithm differ interest becom redefin reus expendedth us hollywood stepstempl placeholderstwo common compon similar simpli allow duplic piec subclass signific either templat defin structur structurebas demonstr let default order rock architectur suppli replac concret placehold promin decid customiz affection call client given step principl without number certain third mandat skeleton framework well declar implement domain invert necessari abstract interfac
Behavioral,Mediator,depend chang sever capabl use provid member gener refer phenomenon extend softwar three potenti world maintain modifi oper class control pattern deriv tri figur result peer code group offer vari design intermediari resourc show reusabl system user model affili unto statu decoupl promot could hub enhanc keep peerspromot unix spaghetti instanc full coordin collect act easili level associ encapsul altern partit granular addit compon zero piec map allow indirect manag way defin mediat approach demonstr next let statusw would access network explicitlyth serv clumpin make manytomani interrelationship set take one want prolifer decid interact noninvas respons exampl singl client reduc subclassingan permiss loos futur function scoop simultan object assign advantag owner intend anoth interconnect introduc behavior mani noth relationship occur coupl affectedan commun explicitli manipul abstract independentlydesign tend flexibl
Behavioral,Interpreter,subclass objectori process discuss use solv simpl repres rule grammar repeatedli hierarchi defin structur state ie could current along implement welldefin sinc languagemap occur languag domain class pattern hierarch easili nicelyan designa represent concret stream interpret inherit engineth accept usual specifi problem abstract contribut sentenc character wellunderstood given ad base argument map method
Behavioral,Iterator,depend capabl notion provid gener representationth product permut sequenti three tabl maintain accomplish oper class might pattern sort youll dont librari four plu give wherea put standard componentbas element tradit time requir key algorithm pend statu decoupl differ promot could seek aggreg idea full separ moreov data iter collect transparentlyan strategi merg emerg type binari find way algorithmspromot defin structur approach possibl polymorph let would access array make c take one want even tree valuableth motiv respons underli need call support exampl program java reduc traversalne intern without list develop probabl also wildli fundament uniform object ie configur anticip bloat travers mani protocolth item explicitli managementa abstract technolog expos collectionpolymorph boost link hash interfac
Behavioral,Command,objectori virtual pointer without servicea member follow appli composit callbackne black perform requir operationspromot function hold invok whenev decoupl object queue differ therebi let caus macro pass togethersequ creat piec box achiev full action separ parametr oper class receiv request treat subset execut statusan issu encapsul anyth one requestcommand simpli log receiveral come command abstract design contain know invoc map call support client assembl base argument undoabl method
Behavioral,Strategy,shown objectori impact experi famili chang indirect couplinga use number principl gener realiz defin implementationcli algorithm independ maxim exhort domin buri softwar demonstr approach let ie could afford said variant implement interchang achiev cohes captur exercis principlefigur sinc effect make class fiction hidden coupl particular upheav deriv level associ year commun figur strategi popular one encapsul routin itcaptur want practic valu classeson vari abstract openclos design addit prefer client detail minim character program base interfac
Behavioral,Memento,eg magic operationsth distinct intern capabl back without unlimit reinstatementan role point defin latera opaqu undo check restor state object sourc promot cooki three checkpoint implement redo objectsth full captur stack violat hand caretak initi pattern store request inform readili extern encapsul previou retriev rollback command design return statusne need client memento character subsequ
Behavioral,Observer,depend distinct chang instead modelviewcontrol notifi broadcast static share monolith dynam variabl pattern send modelviewcontrollera option design new multipl monitoringthi ensur discuss left user requir model regist keeper automaticallyencapsul whenev decoupl state interest monitor efficientissu includ reus data updat subset discret observ smalltalk levieddefin common compon compress type allow queri event graph less defin push consecut andor go core captur architectur window particular one seri protocol interact specifi describ respons hierarchyth lion singl part compiletimeth scale busi larg number function deleg object configur logic onetomani compromis pull creat well implement occur awayth subject year commun view engin abstract interfac
Behavioral,Null Object,sure nullcolorstrategi chang use provid handl refer done actual collaborationit check short exactli existssom — achiev effect class motion control pattern perfect thought anyth later come result dont essenti option code offer design may saver alway method everyth must constantli repres requir key differ sometim could behaviorconsid becom doesnt instanc sinc work easili start smart strategi altern encapsul valu know interfaceit type color simplest subclass compar simpl clientgiven way display defin screen possibl default intent would usefulsimpli conform away nothingy stupid make whenan move collabor patternth treat one want null ball interact combin need exampl howev without colorit also probabl alreadi substitut wish special object anoth creat nullmovementstrategi introduc place implement behavior mani noth truth absenc suitabl presenc write nothingus trivial abstract transparentlysometim interfac
Behavioral,State,depend chang use instead numer finit applicationth class monolith control pattern deriv patternbas outsid option code job accompani design new base tabledriven must individu worlddefin state differ knowledg collaborationa data classan classto sibl classesmaintain machinewrapp alter allow present defin structur approach accommod polymorph eas wrappe runtim action vector make solut classdefin statedefin machin add disadvantag specifi problem two latter character singl pointerth ad applic objectori pointer intern larg good function flow object advantag transit current statement appropri classrepres introduc behavior coupl statespecif context abstract case subclassesa difficult appear interfac choic
Behavioral,Chain of Responsibility,sure handlersan process capabl preced use reach handl chanc refer instead node entranc potenti maintain handler chainmak head dynam variabl pattern servic chain isnt hardwir give must unlimit element composit effici insid keep sender candid itlaunchandleav simplifi request requesttohandl encapsul messag avoid know leav map allow type pipelin possibl launch go catch mechan net one linkedchain respons recurs need singl client known objectori unhandleddo number without successor list exist immedi object configur pass along interconnect mani relationship priori coupl receiv stream safeti abstract contain togeth link traversalther
Creational,Singleton,use provid member accessor refer itencapsul suffici extend useappl lazi applicationspecif three static otherwis instanceth oper class pattern name code assignedlazi design consid first ensur discuss follow cannot creation desirableglob whenev instancesth classinst instanc see interestingth bookdelet data encapsul forif privat addit subclass scope enforc john point vlissid approach resolut access initi public requiredsingleton one issu satisfiedownership kill problem reason respons need call support singl client necessarymak nontrivi number ownership function object desir declar occur criteria singleton justintim global
Creational,Prototype,type prototypecoopt expressiondeclar virtual capabl use futur kind instead regist invok object desir instancesth polymorph maintain creat breeder wire instanc implement oper harmfulappl data class cloneabl pure particular deriv suppli prototyp string concret one write enumer name constructor hard dictionari code specifi abstract operationth design consid new need call hardwir client copi clone base method
Creational,Builder,eg unlik process step sever finer targetsan element exist repres representationspars focusdistinct file time primari creation product algorithm invok builderafford state object ie differ persist intermedi rtf maintain construct aggreg creat storag builder secondari format director target mani mechan separ built storagesepar aggregatesth control pattern text store ascii finish represent extern one interpret complex servic read pars retriev result shot need tex build call client applic specif part widget
Structural,Proxy,directli lock indirect ensur chang number provid real accessadd clientdesign extra refer time referencedcheck distribut instanti rememb aka unless situat actual pointerload deleg object persist instig anoth intellig automat access protect surrog complexityy applicablecount make resourcehungri control pattern objectther level request freed smart placehold encapsul want simpli memori forward proxi first need four common support undu compon client itus ident wrapper subsequ
Creational,Factory Method,subclass superclass virtual step defer chang standard use provid individu rang gener overrid without instanti templat defin creation model requir way algorithm operationfactori user deleg object allow let never creat framework place implement behavior operationpeopl oper make domain class architectur often initi pure pattern suppli easili complic harmfula clientfactori constructorth take placehold routin littl subclassesdefin decid emphasi necessari specifi customiz abstract design consid new need isnt that factori instantiationfactori detail applic similar interfac familiesfactori wherea method
Creational,Object Pool,known reusabl process must manag ask number signific use low gener time also perform instanti alreadi coher instead wait requir releas situat check classth object ie restrict desir let current keep otherwis creat howev access instanc order achiev rate effect implement reus class initi high particular other empti facil unus pool one grow cost createdit want dont clean polici offer avoid design new singleton need resourc longer return boost client period cach simpli
Structural,Private Class Data,eg initializationprovid minim use number itencapsul cannot exposur goal method state object desir undesir onetim allow intend seek final construct access remov declar attributesth protect privileg target data constructora class control variabl attributessepar pattern set visibl encapsul manipul come write even attribut motiv prevent visibilityit design new expos privat mutabl longer datath may limit singl manipulationa reduc type
Creational,Abstract Factory,depend directli provid product wholesal rabbit oper class might throughout routin servic entir option easi consid new etc like factori system famili ask hierarchi creation classesa differ lot instanc procreat includ productsth level advanc encapsul relat codeprovid pervas specif simpli indirect harmfulif instanti ifdef suit possibl databas exchang never construct mechan themthi make portabl window often replac concret platform specifi respons need support client applic without factorybecaus object current statement creat implement mani begin engin abstract singleton case appear interfac
Structural,Facade,power curv fairli discuss provid simpl learn also point user defin function god oracl segment decoupl object promot featur overal becom facad potenti facilit subsystem usewrap success access mani easier make subsystemfacad hand advoc simpler set complic interfacea simplifi commun higherlevel encapsul complex necessari leverag need within limit may allknow client singl unifi needth interfac reduc flexibl
Structural,Flyweight,depend usageth use provid real handl gui efficientlyth illustr share oper pattern servic divid resourc wherea system parent term heavyweight perform enough state optim intrins lowest level strategi memori contextindepend granular stand estat piec allow event manag layout approach prohibit expens extrins stateindepend would gadget invokedan contextdepend fine gadgetsdesign replac reengin store finegrain cost describ two respons support client part larg comput number without exist statedepend object pass intellig behavior relationship lightweight unaccept motif flyweight widget flexibl
Structural,Composite,eg subclass type compositechild process removechild uniformli manag section discuss repres composit individu handl hierarchi uniformlyrecurs way compos defin requir transpar whenev structur method object desir differ could let opinion desirabledefin attempt behavior exercis see move class collect coupl addchild pattern hierarch entri compositiondirectori treat directory1tomani safeti one issu manipul tree normal specifi abstract across childrenus unfortun contain need hierarchyappl compon wholepart client base versu primit queri
Structural,Decorator,directli use provid remain appli itwrap extend whatev static gift embellish achiev produc class custom dynam might pattern tri classsuppos inherit entir design chain bar like ident give method put must unlimit attach individu follow composit hierarchi origin user state could insid success note work cascad border altern encapsul toolkit addit allow subclass wrap look present defin featur objectnot involv access runtim core functionalityclientspecifi window solut add want layer combin specifi problem respons abil recurs decor support exampl client ad wrapper desiredthi number wish object feasibl anoth suggest box boxyou behavior constant hidden scroll specifiedalso abstract togeth interfac flexibl
Structural,Adapter,provid physic kind insert world otherwis modifi adapt class compat inherit offer old design quit new intermediari like may alway method synchron system systeman tribul time – outlet differ wall reus aggregationadapt work elus interfaceswrap strategi legaci dimens standardsit misalign electr compon twoprong right map either developedreus shelf let would compel match architectur plug one incompat problem reason interfaceimped threeprong translat call client couldnt wrapper redirect convert exist compet function object current expect anoth creat implement pain someth assumpt view necessari abstract unfortun togeth philosophi interfac
Structural,Bridge,eg lock arteri use provid handl refer kind product extend evolv done permut actual classth buri softwar three idiom maintain numer count oper share hierarchybeyond class thread control pattern former bind whenyou inherit result orthogon entir vari design new four limit resourc like may independentlyhid detail propos explos base implementationy multipl bridg turn system ensur synonym handlebodi hierarchi cannot user objectsy – bodi decoupl platformsth insid instanc platformindepend work request dimens encapsul altern complex exponenti compon map type subclass smaller manag look reflect decompos defin five continu independ approach would access extens runtim mechan insulationharden initi ten replac concret machin add platform one want prolifer interact platformdepend two refactor need latter client singl java given includedecoupl hierarchiesconsequ known virtual pointer number clientsbridg special deleg object safe ie among independentlypublish interfaceimprov implement say occur domain schedul coupl scheme runtimeus compiletim view abstract contain implementationsy composedconsid interfac subsequ
