scoolBehavioral,Visitor,"Imagine that your team develops an app which works with geographic information structured as one colossal graph. Each node of the graph may represent a complex entity such as a city, but also more granular things like industries, sightseeing areas,Â etc. The nodes are connected with others if thereâs a road between the real objects that they represent. Under the hood, each node type is represented by its own class, while each specific node is an object.At some point, you got a task to implement exporting the graph into XML format. At first, the job seemed pretty straightforward. You planned to add an export method to each node class and then leverage recursion to go over each node of the graph, executing the export method. The solution was simple and elegant: thanks to polymorphism, you werenât coupling the code which called the export method to concrete classes of nodes.Unfortunately, the system architect refused to allow you to alter existing node classes. He said that the code was already in production and he didnât want to risk breaking it because of a potential bug in your changes.Besides, he questioned whether it makes sense to have the XML export code within the node classes. The primary job of these classes was to work with geodata. The XML export behavior would look alien there.There was another reason for the refusal. It was highly likely that after this feature was implemented, someone from the marketing department would ask you to provide the ability to export into a different format, or request some other weird stuff. This would force you to change those precious and fragile classes again.","Represent an operation to be performed on the elements of an object
structure.  Visitor lets you define a new operation without changing
the classes of the elements on which it operates.The classic technique for recovering lost type information.Do the right thing based on the type of two objects.Double dispatchMany distinct and unrelated operations need to be performed on node
objects in a heterogeneous aggregate structure.  You want to avoid ""polluting""
the node classes with these operations.  And, you don't want to
have to query the type of each node and cast the pointer to the
correct type before performing the desired operation.Visitor's primary purpose is to abstract functionality that can be
applied to an aggregate hierarchy of ""element"" objects.  The
approach encourages designing lightweight Element classes - because
processing functionality is removed from their list of
responsibilities.  New functionality can easily be added to the
original inheritance hierarchy by creating a new Visitor subclass.Visitor implements ""double dispatch"".  OO messages routinely manifest
""single dispatch"" - the operation that is executed depends on: the name
of the request, and the type of the receiver.  In ""double dispatch"",
the operation executed depends on:  the name of the request, and the
type of TWO receivers (the type of the Visitor and the type of the
element it visits).The implementation proceeds as follows.  Create a Visitor class
hierarchy that defines a pure virtual visit() method in the abstract
base class for each concrete derived class in the aggregate node
hierarchy.  Each visit() method accepts a single argument - a pointer
or reference to an original Element derived class.Each operation to be supported is modelled with a concrete derived
class of the Visitor hierarchy.  The visit() methods declared in the
Visitor base class are now defined in each derived subclass by
allocating the ""type query and cast"" code in the original
implementation to the appropriate overloaded visit() method.Add a single pure virtual accept() method to the base class of the
Element hierarchy.  accept() is defined to receive a single
argument - a pointer or reference to the abstract base class of the
Visitor hierarchy.Each concrete derived class of the Element hierarchy implements the
accept() method by simply calling the visit() method on the concrete
derived instance of the Visitor hierarchy that it was passed, passing
its ""this"" pointer as the sole argument.Everything for ""elements"" and ""visitors"" is now set-up.  When the client
needs an operation to be performed, (s)he creates an instance of the
Visitor object, calls the accept() method on each Element
object, and passes the Visitor object.The accept() method causes flow of control to find the correct Element
subclass.  Then when the visit() method is invoked, flow of control is
vectored to the correct Visitor subclass. accept() dispatch plus visit()
dispatch equals double dispatch.The Visitor pattern makes adding new operations (or utilities) easy -
simply add a new Visitor derived class.  But, if the subclasses in the
aggregate node hierarchy are not stable, keeping the Visitor subclasses
in sync requires a prohibitive amount of effort.An acknowledged objection to the Visitor pattern is that is represents
a regression to functional decomposition - separate the algorithms from
the data structures.  While this is a legitimate interpretation,
perhaps a better perspective/rationale is the goal of promoting
non-traditional behavior to full object status."
Behavioral,Command,imagin youâr work new texteditor app current task creat toolbar bunch button variou oper editor creat neat button class use button toolbar well gener button variou dialogswhil button look similar theyâr suppos differ thing would put code variou click handler button simplest solut creat ton subclass place button use subclass would contain code would execut button clickbefor long realiz approach deepli flaw first enorm number subclass would okay werenât risk break code subclass time modifi base button class put simpli gui code becom awkwardli depend volatil code busi logicand hereâ ugliest part oper copyingpast text would need invok multipl place exampl user could click small âcopyâ button toolbar copi someth via context menu hit ctrlc keyboardiniti app toolbar okay place implement variou oper button subclass word code copi text insid copybutton subclass fine implement context menu shortcut stuff either duplic operationâ code mani class make menu depend button even wors option,
Behavioral,Strategy,one day decid creat navig app casual travel app center around beauti map help user quickli orient cityon request featur app automat rout plan user abl enter address see fastest rout destin display mapth first version app could build rout road peopl travel car burst joy appar everybodi like drive vacat next updat ad option build walk rout right ad anoth option let peopl use public transport routeshowev begin later plan add rout build cyclist even later anoth option build rout cityâ tourist attractionswhil busi perspect app success technic part caus mani headach time ad new rout algorithm main class navig doubl size point beast becam hard maintainani chang one algorithm whether simpl bug fix slight adjust street score affect whole class increas chanc creat error alreadywork codein addit teamwork becam ineffici teammat hire right success releas complain spend much time resolv merg conflict implement new featur requir chang huge class conflict code produc peopl,
Behavioral,Memento,imagin youâr creat text editor app addit simpl text edit editor format text insert inlin imagesâ etcat point decid let user undo oper carri text featur becom common year nowaday peopl expect everi app implement chose take direct approach perform oper app record state object save storag later user decid revert action app fetch latest snapshot histori use restor state objectsletâ think state snapshot exactli would produc one youâd probabl need go field object copi valu storag howev would work object quit relax access restrict content unfortun real object wonât let other peek insid easili hide signific data privat fieldsignor problem letâ assum object behav like hippi prefer open relat keep state public approach would solv immedi problem let produc snapshot objectsâ state still seriou issu futur might decid refactor editor class add remov field sound easi would also requir chang class respons copi state affect objectsbut thereâ letâ consid actual âsnapshotsâ editorâ state data contain bare minimum must contain actual text cursor coordin current scroll positionâ etc make snapshot youâd need collect valu put kind containermost like youâr go store lot contain object insid list would repres histori therefor contain would probabl end object one class class would almost method lot field mirror editorâ state allow object write read data snapshot youâd probabl need make field public would expos editorâ state privat class would becom depend everi littl chang snapshot class would otherwis happen within privat field method without affect outer classesit look like weâv reach dead end either expos intern detail class make fragil restrict access state make imposs produc snapshot way implement undo,
Behavioral,Mediator,say dialog creat edit custom profil consist variou form control text field checkbox buttonsâ etcsom form element may interact other instanc select âi dogâ checkbox may reveal hidden text field enter dogâ name anoth exampl submit button valid valu field save databi logic implement directli insid code form element make elementsâ class much harder reus form app exampl wonât abl use checkbox class insid anoth form itâ coupl dogâ text field use either class involv render profil form none,
Behavioral,Observer,imagin two type object custom store custom interest particular brand product say itâ new model iphon becom avail store soonth custom could visit store everi day check product avail product still en rout trip would pointlesson hand store could send ton email might consid spam custom time new product becom avail would save custom endless trip store time itâd upset custom arenât interest new productsit look like weâv got conflict either custom wast time check product avail store wast resourc notifi wrong custom,
Behavioral,Chain of Responsibility,imagin youâr work onlin order system want restrict access system authent user creat order also user administr permiss must full access ordersaft bit plan realiz check must perform sequenti applic attempt authent user system whenev receiv request contain userâ credenti howev credenti arenât correct authent fail thereâ reason proceed checksdur next month implement sever sequenti checksth code check alreadi look like mess becam bloat ad new featur chang one check sometim affect other worst tri reus check protect compon system duplic code sinc compon requir check themth system becam hard comprehend expens maintain struggl code one day decid refactor whole thing,
Behavioral,Iterator,collect one use data type program nonetheless collect contain group objectsmost collect store element simpl list howev base stack tree graph complex data structuresbut matter collect structur must provid way access element code use element way go element collect without access element overthi may sound like easi job collect base list loop element sequenti travers element complex data structur tree exampl one day might fine depthfirst travers tree yet next day might requir breadthfirst travers next week might need someth els like random access tree elementsad travers algorithm collect gradual blur primari respons effici data storag addit algorithm might tailor specif applic includ gener collect class would weirdon hand client code thatâ suppos work variou collect may even care store element howev sinc collect provid differ way access element option coupl code specif collect class,
Behavioral,State,state pattern close relat concept finitest machineâ finitest machin httpsrefactoringgurufsmth main idea given moment thereâ finit number state program within uniqu state program behav differ program switch one state anoth instantan howev depend current state program may may switch certain state switch rule call transit also finit predeterminedy also appli approach object imagin document class document one three state draft moder publish publish method document work littl bit differ statest machin usual implement lot condit statement switch select appropri behavior depend current state object usual âstateâ set valu objectâ field even youâv never heard finitest machin youâv probabl implement state least follow code structur ring bellth biggest weak state machin base condit reveal start ad state statedepend behavior document class method contain monstrou condit pick proper behavior method accord current state code like difficult maintain chang transit logic may requir chang state condit everi methodth problem tend get bigger project evolv itâ quit difficult predict possibl state transit design stage henc lean state machin built limit set condit grow bloat mess time,
Behavioral,Template Method,imagin youâr creat data mine applic analyz corpor document user feed app document variou format pdf doc csv tri extract meaning data doc uniform formatth first version app could work doc file follow version abl support csv file month later âtaughtâ extract data pdf filesat point notic three class lot similar code code deal variou data format entir differ class code data process analysi almost ident wouldnât great get rid code duplic leav algorithm structur intactther anoth problem relat client code use class lot condit pick proper cours action depend class process object three process class common interfac base class youâd abl elimin condit client code use polymorph call method process object,
Structural,Proxy,would want control access object exampl massiv object consum vast amount system resourc need time time alwaysy could implement lazi initi creat object itâ actual need objectâ client would need execut defer initi code unfortun would probabl caus lot code duplicationin ideal world weâd want put code directli objectâ class isnât alway possibl instanc class may part close 3rdparti librari,
Structural,Flyweight,fun long work hour decid creat simpl video game player would move around map shoot chose implement realist particl system make distinct featur game vast quantiti bullet missil shrapnel explos fli map deliv thrill experi playerupon complet push last commit built game sent friend test drive although game run flawlessli machin friend wasnât abl play long comput game kept crash minut gameplay spend sever hour dig debug log discov game crash insuffici amount ram turn friendâ rig much less power comput thatâ problem emerg quickli machineth actual problem relat particl system particl bullet missil piec shrapnel repres separ object contain plenti data point carnag playerâ screen reach climax newli creat particl longer fit remain ram program crash,
Structural,Facade,imagin must make code work broad set object belong sophist librari framework ordinarili youâd need initi object keep track depend execut method correct order ona result busi logic class would becom tightli coupl implement detail 3rdparti class make hard comprehend maintain,
Structural,Composite,use composit pattern make sens core model app repres treefor exampl imagin two type object product box box contain sever product well number smaller box littl box also hold product even smaller box onsay decid creat order system use class order could contain simpl product without wrap well box stuf productsand box would determin total price ordery could tri direct approach unwrap box go product calcul total would doabl real world program itâ simpl run loop know class product box youâr go nest level box nasti detail beforehand make direct approach either awkward even imposs,
Structural,Decorator,imagin youâr work notif librari let program notifi user import eventsth initi version librari base notifi class field constructor singl send method method could accept messag argument client send messag list email pass notifi via constructor thirdparti app act client suppos creat configur notifi object use time someth import happenedat point realiz user librari expect email notif mani would like receiv sm critic issu other would like notifi facebook cours corpor user would love get slack notificationshow hard extend notifi class put addit notif method new subclass client suppos instanti desir notif class use notificationsbut someon reason ask âwhi canât use sever notif type hous fire youâd probabl want inform everi channelây tri address problem creat special subclass combin sever notif method within one class howev quickli becam appar approach would bloat code immens librari code client code wellyou find way structur notif class number wonât accident break guin record,
Structural,Bridge,abstract implement sound scari stay calm letâ consid simpl examplesay geometr shape class pair subclass circl squar want extend class hierarchi incorpor color plan creat red blue shape subclass howev sinc alreadi two subclass youâll need creat four class combin bluecircl redsquaread new shape type color hierarchi grow exponenti exampl add triangl shape youâd need introduc two subclass one color ad new color would requir creat three subclass one shape type go wors becom,
Creational,Singleton,singleton pattern solv two problem time violat singl respons principlenowaday singleton pattern becom popular peopl may call someth singleton even solv one list problem,
Structural,Adapter,imagin youâr creat stock market monitor app app download stock data multipl sourc xml format display nicelook chart diagram userat point decid improv app integr smart 3rdparti analyt librari thereâ catch analyt librari work data json formaty could chang librari work xml howev might break exist code reli librari wors might access libraryâ sourc code first place make approach imposs,
Creational,Builder,imagin complex object requir labori stepbystep initi mani field nest object initi code usual buri insid monstrou constructor lot paramet even wors scatter client codefor exampl letâ think creat hous object build simpl hous need construct four wall floor instal door fit pair window build roof want bigger brighter hous backyard goodi like heat system plumb electr wiringth simplest solut extend base hous class creat set subclass cover combin paramet eventu youâll end consider number subclass new paramet porch style requir grow hierarchi even morethereâ anoth approach doesnât involv breed subclass creat giant constructor right base hous class possibl paramet control hous object approach inde elimin need subclass creat anoth problemin case paramet unus make constructor call pretti ugli instanc fraction hous swim pool paramet relat swim pool useless nine time ten,
Creational,Prototype,say object want creat exact copi would first creat new object class go field origin object copi valu new objectnic thereâ catch object copi way objectâ field may privat visibl outsid object itselfthereâ one problem direct approach sinc know objectâ class creat duplic code becom depend class extra depend doesnât scare thereâ anoth catch sometim know interfac object follow concret class exampl paramet method accept object follow interfac,
Creational,Abstract Factory,imagin youâr creat furnitur shop simul code consist class representy need way creat individu furnitur object match object famili custom get quit mad receiv nonmatch furniturealso donât want chang exist code ad new product famili product program furnitur vendor updat catalog often wouldnât want chang core code time happen,
Creational,Factory Method,imagin youâr creat logist manag applic first version app handl transport truck bulk code live insid truck classaft app becom pretti popular day receiv dozen request sea transport compani incorpor sea logist appgreat news right code present code coupl truck class ad ship app would requir make chang entir codebas moreov later decid add anoth type transport app probabl need make chang againa result end pretti nasti code riddl condit switch appâ behavior depend class transport object,
Behavioral,Template Method,,defin skeleton algorithm oper defer step client subclass templat method let subclass redefin certain step algorithm without chang algorithm structurebas class declar algorithm placehold deriv class implement placeholderstwo differ compon signific similar demonstr reus common interfac implement chang common compon becom necessari duplic effort must expendedth compon design decid step algorithm invari standard variant customiz invari step implement abstract base class variant step either given default implement implement variant step repres hook placehold must suppli compon client concret deriv classth compon design mandat requir step algorithm order step allow compon client extend replac number stepstempl method use promin framework framework implement invari piec domain architectur defin placehold necessari interest client custom option framework becom center univers client custom simpli third rock sun invert control structur affection label hollywood principl dont call us well call
Behavioral,Mediator,,defin object encapsul set object interact mediat promot loos coupl keep object refer explicitli let vari interact independentlydesign intermediari decoupl mani peerspromot manytomani relationship interact peer full object statusw want design reusabl compon depend potenti reusabl piec demonstr spaghetti code phenomenon tri scoop singl serv result noth clumpin unix permiss access system resourc manag three level granular world group owner group collect user intend model function affili user system member one group group zero user assign next figur show three user assign three group model softwar could decid user object coupl group object group object coupl user object chang occur class instanc would affectedan altern approach would introduc addit level indirect take map user group group user make abstract unto offer sever advantag user group decoupl one anoth mani map easili maintain manipul simultan map abstract extend futur defin deriv class partit system mani object gener enhanc reusabl prolifer interconnect object tend reduc mediat object encapsul interconnect act hub commun respons control coordin interact client promot loos coupl keep object refer explicitlyth mediat pattern promot manytomani relationship network full object statu model interrelationship object enhanc encapsul allow behavior interrelationship modifi extend subclassingan exampl mediat use design user group capabl oper system group zero user user member zero group mediat pattern provid flexibl noninvas way associ manag user group
Behavioral,Interpreter,,given languag defin represent grammar along interpret use represent interpret sentenc languagemap domain languag languag grammar grammar hierarch objectori designa class problem occur repeatedli welldefin wellunderstood domain domain character languag problem could easili solv interpret engineth interpret pattern discuss defin domain languag ie problem character simpl languag grammar repres domain rule languag sentenc interpret sentenc solv problem pattern use class repres grammar rule sinc grammar usual hierarch structur inherit hierarchi rule class map nicelyan abstract base class specifi method interpret concret subclass implement interpret accept argument current state languag stream ad contribut problem solv process
Behavioral,Iterator,,provid way access element aggreg object sequenti without expos underli representationth c java standard librari abstract make possibl decoupl collect class algorithmspromot full object statu travers collectionpolymorph traversalne abstract travers wildli differ data structur algorithm defin capabl interfac transparentlyan aggreg object list give way access element without expos intern structur moreov might want travers list differ way depend need accomplish probabl dont want bloat list interfac oper differ travers even could anticip one youll requir might also need one travers pend list provid uniform interfac travers mani type aggreg object ie polymorph iter might valuableth iter pattern let key idea take respons access travers aggreg object put iter object defin standard travers protocolth iter abstract fundament emerg technolog call gener program strategi seek explicitli separ notion algorithm data structur motiv promot componentbas develop boost product reduc configur managementa exampl want support four data structur array binari tree link list hash tabl three algorithm sort find merg tradit approach would requir four time three permut develop maintain wherea gener program approach would requir four plu three configur item
Behavioral,Command,,encapsul request object therebi let parametr client differ request queue log request support undoabl operationspromot invoc method object full object statusan objectori callbackne issu request object without know anyth oper request receiv requestcommand decoupl object invok oper one know perform achiev separ design creat abstract base class map receiv object action pointer member function base class contain execut method simpli call action receiveral client command object treat object black box simpli invok object virtual execut method whenev client requir object servicea command class hold subset follow object method appli object argument pass method appli command execut method caus piec come togethersequ command object assembl composit macro command
Behavioral,Strategy,,defin famili algorithm encapsul one make interchang strategi let algorithm vari independ client use itcaptur abstract interfac buri implement detail deriv classeson domin strategi objectori design openclos principlefigur demonstr routin achiev encapsul interfac detail base class buri implement detail deriv class client coupl interfac experi upheav associ chang impact number deriv class chang impact implement deriv class chang gener valu softwar commun year maxim cohes minim coupl objectori design approach shown figur minim coupl sinc client coupl abstract ie use fiction particular realiz abstract client could said practic abstract coupl objectori variant gener exhort minim couplinga popular character abstract coupl principl program interfac implementationcli prefer addit level indirect interfac abstract base class afford interfac captur abstract ie use fiction client want exercis implement interfac effect hidden
Behavioral,Memento,,without violat encapsul captur extern object intern state object return state latera magic cooki encapsul check point capabl promot undo rollback full object statusne restor object back previou state eg undo rollback operationsth client request memento sourc object need checkpoint sourc object state sourc object initi memento character state client caretak memento sourc object store retriev inform memento memento opaqu client object client subsequ need rollback sourc object state hand memento back sourc object reinstatementan unlimit undo redo capabl readili implement stack command object stack memento objectsth memento design pattern defin three distinct role
Behavioral,Observer,,defin onetomani depend object one object chang state depend notifi updat automaticallyencapsul core common engin compon subject abstract variabl option user interfac compon observ hierarchyth view part modelviewcontrollera larg monolith design scale well new graph monitor requir levieddefin object keeper data model andor busi logic subject deleg view function decoupl distinct observ object observ regist subject creat whenev subject chang broadcast regist observ chang observ queri subject subset subject state respons monitoringthi allow number type view object configur dynam instead static specifi compiletimeth protocol describ specifi pull interact model instead subject push chang observ observ respons pull particular window interest subject push model compromis reus pull model less efficientissu discuss left discret design includ implement event compress send singl chang broadcast seri consecut chang occur singl observ monitor multipl subject ensur subject notifi observ go awayth observ pattern captur lion share modelviewcontrol architectur part smalltalk commun year
Behavioral,Null Object,,intent null object encapsul absenc object provid substitut altern offer suitabl default noth behavior short design noth come nothingus null object pattern whenan object requir collabor null object pattern introduc collaborationit make use collabor alreadi existssom collabor instanc nothingy want abstract handl null away clientgiven object refer may option null result null check noth use default valu absenc object â presenc null refer â treat transparentlysometim class requir collabor need collabor anyth howev class wish treat collabor noth way treat one actual provid behaviorconsid exampl simpl screen saver display ball move screen special color effect easili achiev creat ball class repres ball use strategi pattern control ball motion anoth strategi pattern control ball colorit would trivial write strategi mani differ type motion color effect creat ball combin howev start want creat simplest strategi possibl make sure everyth work strategi could also use later sinc want strategi possibl strategi simplest strategi would strategi noth dont move dont chang color howev strategi pattern requir ball object implement strategi interfac null object pattern becom usefulsimpli implement nullmovementstrategi doesnt move ball nullcolorstrategi doesnt chang ball color probabl implement essenti code method class noth perfect exampl null object patternth key null object pattern abstract class defin interfac object type null object implement subclass abstract class conform abstract class interfac use place type object need compar use special null valu doesnt actual implement abstract interfac must constantli check special code object use abstract interfaceit sometim thought null object simpl stupid truth null object alway know exactli need done without interact object truth smart
Behavioral,State,,allow object alter behavior intern state chang object appear chang classan objectori state machinewrapp polymorph wrappe collaborationa monolith object behavior function state must chang behavior runtim depend state applic character larg numer case statement vector flow control base state applicationth state pattern solut problem make behavior depend statedefin context class present singl interfac outsid worlddefin state abstract base classrepres differ state state machin deriv class state base classdefin statespecif behavior appropri state deriv classesmaintain pointer current state context classto chang state state machin chang current state pointerth state pattern specifi state transit defin choic two context object individu state deriv class advantag latter option eas ad new state deriv class disadvantag state deriv class knowledg coupl sibl introduc depend subclassesa tabledriven approach design finit state machin good job specifi state transit difficult add action accompani state transit patternbas approach use code instead data structur specifi state transit good job accommod state transit action
Behavioral,Chain of Responsibility,,avoid coupl sender request receiv give one object chanc handl request chain receiv object pass request along chain object handl itlaunchandleav request singl process pipelin contain mani possibl handlersan objectori link list recurs traversalther potenti variabl number handler process element node object stream request must handl need effici process request without hardwir handler relationship preced requesttohandl map encapsul process element insid pipelin abstract client launch leav request entranc pipelin pattern chain receiv object togeth pass request messag object object reach object capabl handl messag number type handler object isnt known priori configur dynam chain mechan use recurs composit allow unlimit number handler linkedchain respons simplifi object interconnect instead sender receiv maintain refer candid receiv sender keep singl refer head chain receiv keep singl refer immedi successor chainmak sure exist safeti net catch request go unhandleddo use chain respons request handl one handler client object know servic object handl request
Creational,Singleton,,ensur class one instanc provid global point access itencapsul justintim initi initi first useappl need one one instanc object addit lazi initi global access necessarymak class singl instanc object respons creation initi access enforc declar instanc privat static data member provid public static member function encapsul initi code provid access instanceth client call accessor function use class name scope resolut oper whenev refer singl instanc requiredsingleton consid three follow criteria satisfiedownership singl instanc cannot reason assignedlazi initi desirableglob access otherwis provid forif ownership singl instanc initi occur global access issu singleton suffici interestingth singleton pattern extend support access applicationspecif number instancesth static member function accessor approach support subclass singleton class subclass desir refer discuss bookdelet singleton classinst nontrivi design problem see kill singleton john vlissid discuss
Creational,Prototype,,specifi kind object creat use prototyp instanc creat new object copi prototypecoopt one instanc class use breeder futur instancesth new oper consid harmfulappl hard wire class object creat new expressiondeclar abstract base class specifi pure virtual clone method maintain dictionari cloneabl concret deriv class class need polymorph constructor capabl deriv abstract base class regist prototyp instanc implement clone operationth client instead write code invok new oper hardwir class name call clone oper abstract base class suppli string enumer data type design particular concret deriv class desir
Creational,Builder,,separ construct complex object represent construct process creat differ representationspars complex represent creat one sever targetsan applic need creat element complex aggreg specif aggreg exist secondari storag one mani represent need built primari storagesepar algorithm interpret ie read pars store persist mechan eg rtf file algorithm build repres one mani target product eg ascii tex text widget focusdistinct creat complex aggregatesth director invok builder servic interpret extern format builder creat part complex object time call maintain intermedi state product finish client retriev result builderafford finer control construct process unlik creation pattern construct product one shot builder pattern construct product step step control director
Structural,Proxy,,provid surrog placehold anoth object control access itus extra level indirect support distribut control intellig accessadd wrapper deleg protect real compon undu complexityy need support resourcehungri object want instanti object unless actual request clientdesign surrog proxi object instanti real object first time client make request proxi rememb ident real object forward instig request real object subsequ request simpli forward directli encapsul real objectther four common situat proxi pattern applicablecount number refer real object freed automat refer aka smart pointerload persist object memori first referencedcheck real object lock access ensur object chang
Creational,Factory Method,,defin interfac creat object let subclass decid class instanti factori method let class defer instanti subclassesdefin virtual constructorth new oper consid harmfula framework need standard architectur model rang applic allow individu applic defin domain object provid instantiationfactori method creat object templat method implement algorithm superclass specifi standard gener behavior use pure virtual placehold creation step deleg creation detail subclass suppli clientfactori method make design customiz littl complic design pattern requir new class wherea factori method requir new operationpeopl often use factori method standard way creat object isnt necessari class that instanti never chang instanti take place oper subclass easili overrid initi operationfactori method similar abstract factori without emphasi familiesfactori method routin specifi architectur framework implement user framework
Creational,Object Pool,,object pool offer signific perform boost effect situat cost initi class instanc high rate instanti class high number instanti use one time low object pool otherwis known resourc pool use manag object cach client access object pool avoid creat new object simpli ask pool one alreadi instanti instead gener pool grow pool ie pool creat new object pool empti pool restrict number object createdit desir keep reusabl object current use object pool manag one coher polici achiev reusabl pool class design singleton classth object pool let other check object pool object longer need process return pool order reus howev dont want process wait particular object releas object pool also instanti new object requir must also implement facil clean unus object period
Structural,Private Class Data,,control write access class attributessepar data method use itencapsul class data initializationprovid new type final final constructora class may expos attribut class variabl manipul manipul longer desir eg construct use privat class data design pattern prevent undesir manipulationa class may onetim mutabl attribut cannot declar final use design pattern allow onetim set class attributesth motiv design pattern come design goal protect class state minim visibl attribut datath privat class data design pattern seek reduc exposur attribut limit visibilityit reduc number class attribut encapsul singl data object allow class design remov write privileg attribut intend set construct even method target class
Creational,Abstract Factory,,provid interfac creat famili relat depend object without specifi concret classesa hierarchi encapsul mani possibl platform construct suit productsth new oper consid harmfulif applic portabl need encapsul platform depend platform might includ window system oper system databas etc often encapsul engin advanc lot ifdef case statement option current support platform begin procreat like rabbit throughout codeprovid level indirect abstract creation famili relat depend object without directli specifi concret class factori object respons provid creation servic entir platform famili client never creat platform object directli ask factori themthi mechan make exchang product famili easi specif class factori object appear applic instanti applic wholesal replac entir famili product simpli instanti differ concret instanc abstract factorybecaus servic provid factori object pervas routin implement singleton
Structural,Facade,,provid unifi interfac set interfac subsystem facad defin higherlevel interfac make subsystem easier usewrap complic subsystem simpler interfacea segment client commun need simplifi interfac overal function complex subsystemfacad discuss encapsul complex subsystem within singl interfac object reduc learn curv necessari success leverag subsystem also promot decoupl subsystem potenti mani client hand facad access point subsystem limit featur flexibl power user may needth facad object fairli simpl advoc facilit becom allknow oracl god object
Structural,Flyweight,,use share support larg number finegrain object efficientlyth motif gui strategi replac heavyweight widget lightweight gadgetsdesign object lowest level system granular provid optim flexibl unaccept expens term perform memori usageth flyweight pattern describ share object allow use fine granular without prohibit cost flyweight object divid two piec statedepend extrins part stateindepend intrins part intrins state store share flyweight object extrins state store comput client object pass flyweight oper invokedan illustr approach would motif widget reengin lightweight gadget wherea widget intellig enough stand gadget exist depend relationship parent layout manag widget layout manag provid contextdepend event handl real estat manag resourc servic flyweight gadget gadget respons contextindepend state behavior
Structural,Composite,,compos object tree structur repres wholepart hierarchi composit let client treat individu object composit object uniformlyrecurs compositiondirectori contain entri could directory1tomani hierarchyappl need manipul hierarch collect primit composit object process primit object handl one way process composit object handl differ queri type object attempt process desirabledefin abstract base class compon specifi behavior need exercis uniformli across primit composit object subclass primit composit class compon class composit object coupl abstract type compon manag childrenus pattern whenev composit contain compon could compositechild manag method eg addchild removechild normal defin composit class unfortun desir treat primit composit uniformli requir method move abstract compon class see opinion section discuss safeti versu transpar issu
Structural,Decorator,,attach addit respons object dynam decor provid flexibl altern subclass extend functionalityclientspecifi embellish core object recurs wrap itwrap gift put box wrap boxyou want add behavior state individu object runtim inherit feasibl static appli entir classsuppos work user interfac toolkit wish support ad border scroll bar window could defin inherit hierarchi like decor pattern suggest give client abil specifi whatev combin featur desiredthi flexibl achiev follow design anoth exampl cascad chain featur togeth produc custom object might look like solut class problem involv encapsul origin object insid abstract wrapper interfac decor object core object inherit abstract interfac interfac use recurs composit allow unlimit number decor layer ad core objectnot pattern allow respons ad object method object interfac interfac present client must remain constant success layer specifiedalso note core object ident hidden insid decor object tri access core object directli problem
Structural,Adapter,,convert interfac class anoth interfac client expect adapt let class work togeth couldnt otherwis incompat interfaceswrap exist class new interfaceimped match old compon new systeman shelf compon offer compel function would like reus view world compat philosophi architectur system current developedreus alway pain elus one reason tribul design someth new reus someth old alway someth quit right old new may physic dimens misalign may time synchron may unfortun assumpt compet standardsit like problem insert new threeprong electr plug old twoprong wall outlet â kind adapt intermediari necessari adapt creat intermediari abstract translat map old compon new system client call method adapt object redirect call legaci compon strategi implement either inherit aggregationadapt function wrapper modifi exist class provid differ translat view class
Structural,Bridge,,decoupl abstract implement two vari independentlypublish interfac inherit hierarchi buri implement inherit hierarchybeyond encapsul insulationharden softwar arteri occur use subclass abstract base class provid altern implement lock compiletim bind interfac implement abstract implement cannot independ extend composedconsid domain thread schedul two type thread schedul two type oper system platform given approach special defin class permut two dimens add new platform say java virtual machin would hierarchi look like three kind thread schedul four kind platform five kind thread schedul ten kind platform number class would defin product number schedul scheme number platformsth bridg design pattern propos refactor exponenti explos inherit hierarchi two orthogon hierarchi â one platformindepend abstract platformdepend implement decompos compon interfac implement orthogon class hierarchi interfac class contain pointer abstract implement class pointer initi instanc concret implement class subsequ interact interfac class implement class limit abstract maintain implement base class client interact interfac class turn deleg request implement classth interfac object handl known use client implement object bodi safe encapsul ensur may continu evolv entir replac share runtimeus bridg pattern whenyou want runtim bind implementationy prolifer class result coupl interfac numer implementationsy want share implement among multipl objectsy need map orthogon class hierarchiesconsequ includedecoupl object interfaceimprov extens extend ie subclass abstract implement hierarchi independentlyhid detail clientsbridg synonym handlebodi idiom design mechan encapsul implement class insid interfac class former bodi latter handl handl view user actual class work done bodi handlebodi class idiom may use decompos complex abstract smaller manag class idiom may reflect share singl resourc multipl class control access eg refer count
