Behavioral,Visitor,imagine team develops app work geographic information structure one colossal graph node graph may represent complex entity city also granular thing like industry sightsee area etc node connect others ’ road real object represent hood node type represent class specific node objectat point get task implement export graph xml format first job seem pretty straightforward plan add export method node class leverage recursion go node graph execute export method solution simple elegant thanks polymorphism ’ couple code call export method concrete class nodesunfortunately system architect refuse allow alter exist node class say code already production ’ want risk break potential bug changesbesides question whether make sense xml export code within node class primary job class work geodata xml export behavior would look alien therethere another reason refusal highly likely feature implement someone marketing department would ask provide ability export different format request weird stuff would force change precious fragile class
Behavioral,Command,imagine ’ work new texteditor app current task create toolbar bunch button various operation editor create neat button class use button toolbar well generic button various dialogswhile button look similar ’ suppose different thing would put code various click handler button simplest solution create ton subclass place button use subclass would contain code would execute button clickbefore long realize approach deeply flaw first enormous number subclass would okay ’ risk break code subclass time modify base button class put simply gui code become awkwardly dependent volatile code business logicand ’ ugliest part operation copyingpasting text would need invoked multiple place example user could click small “ copy ” button toolbar copy something via context menu hit ctrlc keyboardinitially app toolbar okay place implementation various operation button subclass word code copying text inside copybutton subclass fine implement context menu shortcut stuff either duplicate operation ’ code many class make menu dependent button even bad option
Behavioral,Strategy,one day decide create navigation app casual traveler app center around beautiful map help user quickly orient cityone request feature app automatic route planning user able enter address see fast route destination displayed mapthe first version app could build route road people travel car bursting joy apparently everybody like drive vacation next update add option build walk route right add another option let people use public transport routeshowever begin later plan add route building cyclist even later another option building route city ’ tourist attractionswhile business perspective app success technical part cause many headache time add new rout algorithm main class navigator double size point beast become hard maintainany change one algorithm whether simple bug fix slight adjustment street score affected whole class increase chance create error alreadyworking codein addition teamwork become inefficient teammate hire right successful release complain spend much time resolve merge conflict implement new feature require change huge class conflict code produce people
Behavioral,Memento,imagine ’ create text editor app addition simple text edit editor format text insert inline image etcat point decide let user undo operation carry text feature become common year nowadays people expect every app implementation chose take direct approach perform operation app record state object save storage later user decides revert action app fetch late snapshot history us restore state objectslet ’ think state snapshot exactly would produce one ’ probably need go field object copy value storage however would work object quite relaxed access restriction content unfortunately real object ’ let others peek inside easily hiding significant data private fieldsignore problem let ’ assume object behave like hippy prefer open relation keep state public approach would solve immediate problem let produce snapshot object ’ state still serious issue future might decide refactor editor class add remove field sound easy would also require change class responsible copying state affected objectsbut ’ let ’ consider actual “ snapshot ” editor ’ state data contain bare minimum must contain actual text cursor coordinate current scroll position etc make snapshot ’ need collect value put kind containermost likely ’ go store lot container object inside list would represent history therefore container would probably end object one class class would almost method lot field mirror editor ’ state allow object write read data snapshot ’ probably need make field public would expose editor ’ state private class would become dependent every little change snapshot class would otherwise happen within private field method without affect outer classesit look like ’ reach dead end either expose internal detail class make fragile restrict access state make impossible produce snapshot way implement undo
Behavioral,Mediator,say dialog create edit customer profile consists various form control text field checkboxes button etcsome form element may interact others instance select “ dog ” checkbox may reveal hidden text field enter dog ’ name another example submit button validate value field save databy logic implement directly inside code form element make element ’ class much harder reuse form app example ’ able use checkbox class inside another form ’ couple dog ’ text field use either class involve render profile form none
Behavioral,Observer,imagine two type object customer store customer interested particular brand product say ’ new model iphone become available store soonthe customer could visit store every day check product availability product still en route trip would pointlesson hand store could send ton email might consider spam customer time new product becomes available would save customer endless trip store time ’ upset customer ’ interested new productsit look like ’ get conflict either customer waste time check product availability store waste resource notify wrong customer
Behavioral,Chain of Responsibility,imagine ’ work online order system want restrict access system authenticate user create order also user administrative permission must full access ordersafter bit planning realize check must perform sequentially application attempt authenticate user system whenever receives request contains user ’ credential however credential ’ correct authentication fails ’ reason proceed checksduring next month implement several sequential checksthe code check already look like mess become bloat add new feature change one check sometimes affected others bad try reuse check protect component system duplicate code since component require check themthe system become hard comprehend expensive maintain struggle code one day decide refactor whole thing
Behavioral,Iterator,collection one use data type program nonetheless collection container group objectsmost collection store element simple list however base stack tree graph complex data structuresbut matter collection structure must provide way access element code use element way go element collection without access element overthis may sound like easy job collection base list loop element sequentially traverse element complex data structure tree example one day might fine depthfirst traversal tree yet next day might require breadthfirst traversal next week might need something else like random access tree elementsadding traversal algorithm collection gradually blur primary responsibility efficient data storage additionally algorithm might tailor specific application include generic collection class would weirdon hand client code ’ suppose work various collection may even care store element however since collection provide different way access element option couple code specific collection class
Behavioral,State,state pattern closely related concept finitestate machine finitestate machine httpsrefactoringgurufsmthe main idea give moment ’ finite number state program within unique state program behaves differently program switch one state another instantaneously however depend current state program may may switch certain state switch rule call transition also finite predeterminedyou also apply approach object imagine document class document one three state draft moderation publish publish method document work little bit differently statestate machine usually implement lot conditional statement switch select appropriate behavior depend current state object usually “ state ” set value object ’ field even ’ never heard finitestate machine ’ probably implement state least follow code structure ring bellthe big weakness state machine base conditionals reveals start add state statedependent behavior document class method contain monstrous conditionals pick proper behavior method accord current state code like difficult maintain change transition logic may require change state conditionals every methodthe problem tends get big project evolves ’ quite difficult predict possible state transition design stage hence lean state machine built limited set conditionals grow bloat mess time
Behavioral,Template Method,imagine ’ create data mining application analyzes corporate document user feed app document various format pdf doc csv try extract meaningful data doc uniform formatthe first version app could work doc file follow version able support csv file month later “ taught ” extract data pdf filesat point notice three class lot similar code code deal various data format entirely different class code data processing analysis almost identical ’ great get rid code duplication leave algorithm structure intactthere another problem related client code use class lot conditionals picked proper course action depend class processing object three processing class common interface base class ’ able eliminate conditionals client code use polymorphism call method processing object
Structural,Proxy,would want control access object example massive object consumes vast amount system resource need time time alwaysyou could implement lazy initialization create object ’ actually need object ’ client would need execute defer initialization code unfortunately would probably cause lot code duplicationin ideal world ’ want put code directly object ’ class ’ always possible instance class may part close 3rdparty library
Structural,Flyweight,fun long work hour decide create simple video game player would move around map shoot chose implement realistic particle system make distinctive feature game vast quantity bullet missile shrapnel explosion fly map deliver thrill experience playerupon completion push last commit built game sent friend test drive although game run flawlessly machine friend ’ able play long computer game kept crash minute gameplay spending several hour dig debug log discover game crashed insufficient amount ram turn friend ’ rig much less powerful computer ’ problem emerge quickly machinethe actual problem related particle system particle bullet missile piece shrapnel represent separate object contain plenty data point carnage player ’ screen reach climax newly create particle longer fit remain ram program crashed
Structural,Facade,imagine must make code work broad set object belong sophisticated library framework ordinarily ’ need initialize object keep track dependency execute method correct order onas result business logic class would become tightly couple implementation detail 3rdparty class make hard comprehend maintain
Structural,Composite,use composite pattern make sense core model app represent treefor example imagine two type object product box box contain several product well number small box little box also hold product even small box onsay decide create order system us class order could contain simple product without wrap well box stuffed productsand box would determine total price orderyou could try direct approach unwrap box go product calculate total would doable real world program ’ simple run loop know class product box ’ go nest level box nasty detail beforehand make direct approach either awkward even impossible
Structural,Decorator,imagine ’ work notification library let program notify user important eventsthe initial version library base notifier class field constructor single send method method could accept message argument client send message list email pass notifier via constructor thirdparty app act client suppose create configure notifier object use time something important happenedat point realize user library expect email notification many would like receive sm critical issue others would like notify facebook course corporate user would love get slack notificationshow hard extend notifier class put additional notification method new subclass client suppose instantiate desire notification class use notificationsbut someone reasonably ask “ ’ use several notification type house fire ’ probably want inform every channel ” try address problem create special subclass combine several notification method within one class however quickly become apparent approach would bloat code immensely library code client code wellyou find way structure notification class number ’ accidentally break guinness record
Structural,Bridge,abstraction implementation sound scary stay calm let ’ consider simple examplesay geometric shape class pair subclass circle square want extend class hierarchy incorporate color plan create red blue shape subclass however since already two subclass ’ need create four class combination bluecircle redsquareadding new shape type color hierarchy grow exponentially example add triangle shape ’ need introduce two subclass one color add new color would require create three subclass one shape type go bad becomes
Creational,Singleton,singleton pattern solves two problem time violate single responsibility principlenowadays singleton pattern become popular people may call something singleton even solves one list problem
Structural,Adapter,imagine ’ create stock market monitoring app app downloads stock data multiple source xml format display nicelooking chart diagram userat point decide improve app integrate smart 3rdparty analytics library ’ catch analytics library work data json formatyou could change library work xml however might break exist code relies library bad might access library ’ source code first place make approach impossible
Creational,Builder,imagine complex object require laborious stepbystep initialization many field nest object initialization code usually bury inside monstrous constructor lot parameter even bad scatter client codefor example let ’ think create house object build simple house need construct four wall floor install door fit pair window build roof want big brighter house backyard goody like heating system plumbing electrical wiringthe simplest solution extend base house class create set subclass cover combination parameter eventually ’ end considerable number subclass new parameter porch style require grow hierarchy even morethere ’ another approach ’ involve breeding subclass create giant constructor right base house class possible parameter control house object approach indeed eliminates need subclass creates another problemin case parameter unused make constructor call pretty ugly instance fraction house swim pool parameter related swim pool useless nine time ten
Creational,Prototype,say object want create exact copy would first create new object class go field original object copy value new objectnice ’ catch object copy way object ’ field may private visible outside object itselfthere ’ one problem direct approach since know object ’ class create duplicate code becomes dependent class extra dependency ’ scare ’ another catch sometimes know interface object follow concrete class example parameter method accepts object follow interface
Creational,Abstract Factory,imagine ’ create furniture shop simulator code consists class representyou need way create individual furniture object match object family customer get quite mad receive nonmatching furniturealso ’ want change exist code add new product family product program furniture vendor update catalog often ’ want change core code time happens
Creational,Factory Method,imagine ’ create logistics management application first version app handle transportation truck bulk code life inside truck classafter app becomes pretty popular day receive dozen request sea transportation company incorporate sea logistics appgreat news right code present code couple truck class add ship app would require make change entire codebase moreover later decide add another type transportation app probably need make change againas result end pretty nasty code riddle conditionals switch app ’ behavior depend class transportation object
Behavioral,Visitor,represent operation perform element object structure visitor let define new operation without change class element operatesthe classic technique recover lose type informationdo right thing base type two objectsdouble dispatchmany distinct unrelated operation need perform node object heterogeneous aggregate structure want avoid pollute node class operation dont want query type node cast pointer correct type perform desire operationvisitors primary purpose abstract functionality apply aggregate hierarchy element object approach encourages design lightweight element class processing functionality remove list responsibility new functionality easily add original inheritance hierarchy create new visitor subclassvisitor implement double dispatch oo message routinely manifest single dispatch operation execute depends name request type receiver double dispatch operation execute depends name request type two receiver type visitor type element visitsthe implementation proceeds follow create visitor class hierarchy defines pure virtual visit method abstract base class concrete derive class aggregate node hierarchy visit method accepts single argument pointer reference original element derive classeach operation support model concrete derive class visitor hierarchy visit method declare visitor base class define derive subclass allocate type query cast code original implementation appropriate overload visit methodadd single pure virtual accept method base class element hierarchy accept define receive single argument pointer reference abstract base class visitor hierarchyeach concrete derive class element hierarchy implement accept method simply call visit method concrete derive instance visitor hierarchy pass passing pointer sole argumenteverything element visitor setup client need operation perform creates instance visitor object call accept method element object pass visitor objectthe accept method cause flow control find correct element subclass visit method invoked flow control vectored correct visitor subclass accept dispatch plus visit dispatch equal double dispatchthe visitor pattern make add new operation utility easy simply add new visitor derive class subclass aggregate node hierarchy stable keep visitor subclass sync require prohibitive amount effortan acknowledge objection visitor pattern represent regression functional decomposition separate algorithm data structure legitimate interpretation perhaps well perspectiverationale goal promote nontraditional behavior full object status
Behavioral,Template Method,define skeleton algorithm operation defer step client subclass template method let subclass redefine certain step algorithm without change algorithm structurebase class declares algorithm placeholder derive class implement placeholderstwo different component significant similarity demonstrate reuse common interface implementation change common component becomes necessary duplicate effort must expendedthe component designer decides step algorithm invariant standard variant customizable invariant step implement abstract base class variant step either give default implementation implementation variant step represent hook placeholder must supply component client concrete derive classthe component designer mandate require step algorithm order step allows component client extend replace number stepstemplate method use prominently framework framework implement invariant piece domain architecture defines placeholder necessary interest client customization option framework becomes center universe client customizations simply third rock sun invert control structure affectionately label hollywood principle dont call u well call
Behavioral,Mediator,define object encapsulates set object interact mediator promotes loose couple keep object refer explicitly let vary interaction independentlydesign intermediary decouple many peerspromote manytomany relationship interact peer full object statuswe want design reusable component dependency potentially reusable piece demonstrates spaghetti code phenomenon try scoop single serve result nothing clumpin unix permission access system resource manage three level granularity world group owner group collection user intend model functional affiliation user system member one group group zero user assign next figure show three user assign three group model software could decide user object couple group object group object couple user object change occur class instance would affectedan alternate approach would introduce additional level indirection take mapping user group group user make abstraction unto offer several advantage user group decouple one another many mapping easily maintain manipulate simultaneously mapping abstraction extend future define derive class partition system many object generally enhances reusability proliferate interconnection object tend reduce mediator object encapsulates interconnection act hub communication responsible control coordinate interaction client promotes loose couple keep object refer explicitlythe mediator pattern promotes manytomany relationship network full object status model interrelationship object enhances encapsulation allows behavior interrelationship modify extend subclassingan example mediator useful design user group capability operating system group zero user user member zero group mediator pattern provide flexible noninvasive way associate manage user group
Behavioral,Interpreter,give language define representation grammar along interpreter us representation interpret sentence languagemap domain language language grammar grammar hierarchical objectoriented designa class problem occurs repeatedly welldefined wellunderstood domain domain characterize language problem could easily solve interpretation enginethe interpreter pattern discus define domain language ie problem characterization simple language grammar represent domain rule language sentence interpret sentence solve problem pattern us class represent grammar rule since grammar usually hierarchical structure inheritance hierarchy rule class map nicelyan abstract base class specifies method interpret concrete subclass implement interpret accept argument current state language stream add contribution problem solve process
Behavioral,Iterator,provide way access element aggregate object sequentially without expose underlie representationthe c java standard library abstraction make possible decouple collection class algorithmspromote full object status traversal collectionpolymorphic traversalneed abstract traversal wildly different data structure algorithm define capable interfacing transparentlyan aggregate object list give way access element without expose internal structure moreover might want traverse list different way depend need accomplish probably dont want bloat list interface operation different traversal even could anticipate one youll require might also need one traversal pending list provide uniform interface traverse many type aggregate object ie polymorphic iteration might valuablethe iterator pattern let key idea take responsibility access traversal aggregate object put iterator object defines standard traversal protocolthe iterator abstraction fundamental emerge technology call generic program strategy seek explicitly separate notion algorithm data structure motivation promote componentbased development boost productivity reduce configuration managementas example want support four data structure array binary tree link list hash table three algorithm sort find merge traditional approach would require four time three permutation develop maintain whereas generic program approach would require four plus three configuration item
Behavioral,Command,encapsulate request object thereby let parametrize client different request queue log request support undoable operationspromote invocation method object full object statusan objectoriented callbackneed issue request object without know anything operation request receiver requestcommand decouples object invokes operation one know perform achieve separation designer creates abstract base class map receiver object action pointer member function base class contains execute method simply call action receiverall client command object treat object black box simply invoke object virtual execute method whenever client require object servicea command class hold subset follow object method apply object argument pass method apply command execute method cause piece come togethersequences command object assemble composite macro command
Behavioral,Strategy,define family algorithm encapsulate one make interchangeable strategy let algorithm vary independently client use itcapture abstraction interface bury implementation detail derive classesone dominant strategy objectoriented design openclosed principlefigure demonstrates routinely achieve encapsulate interface detail base class bury implementation detail derive class client couple interface experience upheaval associate change impact number derive class change impact implementation derive class change generic value software community year maximize cohesion minimize couple objectoriented design approach show figure minimize couple since client couple abstraction ie useful fiction particular realization abstraction client could say practice abstract couple objectoriented variant generic exhortation minimize couplinga popular characterization abstract couple principle program interface implementationclients prefer additional level indirection interface abstract base class affords interface capture abstraction ie useful fiction client want exercise implementation interface effectively hidden
Behavioral,Memento,without violate encapsulation capture externalize object internal state object return state latera magic cookie encapsulates check point capability promote undo rollback full object statusneed restore object back previous state eg undo rollback operationsthe client request memento source object need checkpoint source object state source object initializes memento characterization state client caretaker memento source object store retrieve information memento memento opaque client object client subsequently need rollback source object state hand memento back source object reinstatementan unlimited undo redo capability readily implement stack command object stack memento objectsthe memento design pattern defines three distinct role
Behavioral,Observer,define onetomany dependency object one object change state dependent notify update automaticallyencapsulate core common engine component subject abstraction variable optional user interface component observer hierarchythe view part modelviewcontrollera large monolithic design scale well new graph monitoring requirement levieddefine object keeper data model andor business logic subject delegate view functionality decouple distinct observer object observer register subject create whenever subject change broadcast register observer change observer query subject subset subject state responsible monitoringthis allows number type view object configure dynamically instead statically specify compiletimethe protocol described specifies pull interaction model instead subject push change observer observer responsible pull particular window interest subject push model compromise reuse pull model less efficientissues discuss left discretion designer include implement event compression send single change broadcast series consecutive change occur single observer monitoring multiple subject ensure subject notify observer go awaythe observer pattern capture lion share modelviewcontroller architecture part smalltalk community year
Behavioral,Null Object,intent null object encapsulate absence object provide substitutable alternative offer suitable default nothing behavior short design nothing come nothinguse null object pattern whenan object require collaborator null object pattern introduce collaborationit make use collaboration already existssome collaborator instance nothingyou want abstract handle null away clientgiven object reference may optionally null result null check nothing use default value absence object — presence null reference — treat transparentlysometimes class require collaborator need collaborator anything however class wish treat collaborator nothing way treat one actually provide behaviorconsider example simple screen saver display ball move screen special color effect easily achieve create ball class represent ball use strategy pattern control ball motion another strategy pattern control ball colorit would trivial write strategy many different type motion color effect create ball combination however start want create simplest strategy possible make sure everything work strategy could also useful later since want strategy possible strategy simplest strategy would strategy nothing dont move dont change color however strategy pattern require ball object implement strategy interface null object pattern becomes usefulsimply implement nullmovementstrategy doesnt move ball nullcolorstrategy doesnt change ball color probably implement essentially code method class nothing perfect example null object patternthe key null object pattern abstract class defines interface object type null object implement subclass abstract class conforms abstract class interface use place type object need compare use special null value doesnt actually implement abstract interface must constantly checked special code object us abstract interfaceit sometimes thought null object simple stupid truth null object always know exactly need do without interact object truth smart
Behavioral,State,allow object alter behavior internal state change object appear change classan objectoriented state machinewrapper polymorphic wrappee collaborationa monolithic object behavior function state must change behavior runtime depend state application characterize large numerous case statement vector flow control base state applicationthe state pattern solution problem make behavior depend statedefine context class present single interface outside worlddefine state abstract base classrepresent different state state machine derive class state base classdefine statespecific behavior appropriate state derive classesmaintain pointer current state context classto change state state machine change current state pointerthe state pattern specify state transition define choice two context object individual state derive class advantage latter option ease add new state derive class disadvantage state derive class knowledge couple sibling introduces dependency subclassesa tabledriven approach design finite state machine good job specify state transition difficult add action accompany state transition patternbased approach us code instead data structure specify state transition good job accommodate state transition action
Behavioral,Chain of Responsibility,avoid couple sender request receiver give one object chance handle request chain receive object pas request along chain object handle itlaunchandleave request single processing pipeline contains many possible handlersan objectoriented link list recursive traversalthere potentially variable number handler processing element node object stream request must handle need efficiently process request without hardwiring handler relationship precedence requesttohandler mapping encapsulate processing element inside pipeline abstraction client launch leave request entrance pipeline pattern chain receive object together pass request message object object reach object capable handle message number type handler object isnt know priori configure dynamically chain mechanism us recursive composition allow unlimited number handler linkedchain responsibility simplifies object interconnection instead sender receiver maintain reference candidate receiver sender keep single reference head chain receiver keep single reference immediate successor chainmake sure exists safety net catch request go unhandleddo use chain responsibility request handle one handler client object know service object handle request
Creational,Singleton,ensure class one instance provide global point access itencapsulated justintime initialization initialization first useapplication need one one instance object additionally lazy initialization global access necessarymake class single instance object responsible creation initialization access enforcement declare instance private static data member provide public static member function encapsulates initialization code provide access instancethe client call accessor function use class name scope resolution operator whenever reference single instance requiredsingleton consider three follow criterion satisfiedownership single instance reasonably assignedlazy initialization desirableglobal access otherwise provide forif ownership single instance initialization occurs global access issue singleton sufficiently interestingthe singleton pattern extend support access applicationspecific number instancesthe static member function accessor approach support subclassing singleton class subclassing desire refer discussion bookdeleting singleton classinstance nontrivial design problem see kill singleton john vlissides discussion
Creational,Prototype,specify kind object create use prototypical instance create new object copying prototypecoopt one instance class use breeder future instancesthe new operator consider harmfulapplication hard wire class object create new expressiondeclare abstract base class specifies pure virtual clone method maintains dictionary cloneable concrete derive class class need polymorphic constructor capability derives abstract base class register prototypical instance implement clone operationthe client instead write code invokes new operator hardwired class name call clone operation abstract base class supply string enumerate data type designates particular concrete derive class desire
Creational,Builder,separate construction complex object representation construction process create different representationsparse complex representation create one several targetsan application need create element complex aggregate specification aggregate exists secondary storage one many representation need built primary storageseparate algorithm interpret ie reading parse store persistence mechanism eg rtf file algorithm building represent one many target product eg ascii tex text widget focusdistinction create complex aggregatesthe director invokes builder service interprets external format builder creates part complex object time call maintains intermediate state product finish client retrieves result builderaffords finer control construction process unlike creational pattern construct product one shot builder pattern construct product step step control director
Structural,Proxy,provide surrogate placeholder another object control access ituse extra level indirection support distribute control intelligent accessadd wrapper delegation protect real component undue complexityyou need support resourcehungry object want instantiate object unless actually request clientdesign surrogate proxy object instantiates real object first time client make request proxy remembers identity real object forward instigate request real object subsequent request simply forward directly encapsulate real objectthere four common situation proxy pattern applicablecounting number reference real object freed automatically reference aka smart pointerloading persistent object memory first referencedchecking real object lock access ensure object change
Creational,Factory Method,define interface create object let subclass decide class instantiate factory method let class defer instantiation subclassesdefining virtual constructorthe new operator consider harmfula framework need standardize architectural model range application allow individual application define domain object provide instantiationfactory method create object template method implement algorithm superclass specifies standard generic behavior use pure virtual placeholder creation step delegate creation detail subclass supply clientfactory method make design customizable little complicate design pattern require new class whereas factory method require new operationpeople often use factory method standard way create object isnt necessary class thats instantiate never change instantiation take place operation subclass easily override initialization operationfactory method similar abstract factory without emphasis familiesfactory method routinely specify architectural framework implement user framework
Creational,Object Pool,object pool offer significant performance boost effective situation cost initialize class instance high rate instantiation class high number instantiation use one time low object pool otherwise know resource pool use manage object cache client access object pool avoid create new object simply ask pool one already instantiate instead generally pool grow pool ie pool create new object pool empty pool restricts number object createdit desirable keep reusable object currently use object pool manage one coherent policy achieve reusable pool class design singleton classthe object pool let others check object pool object longer need process return pool order reuse however dont want process wait particular object release object pool also instantiates new object require must also implement facility clean unused object periodically
Structural,Private Class Data,control write access class attributesseparate data method use itencapsulate class data initializationproviding new type final final constructora class may expose attribute class variable manipulation manipulation longer desirable eg construction use private class data design pattern prevents undesirable manipulationa class may onetime mutable attribute declare final use design pattern allows onetime set class attributesthe motivation design pattern come design goal protect class state minimize visibility attribute datathe private class data design pattern seek reduce exposure attribute limit visibilityit reduces number class attribute encapsulate single data object allows class designer remove write privilege attribute intend set construction even method target class
Creational,Abstract Factory,provide interface create family related dependent object without specify concrete classesa hierarchy encapsulates many possible platform construction suite productsthe new operator consider harmfulif application portable need encapsulate platform dependency platform might include windowing system operating system database etc often encapsulation engineer advance lot ifdef case statement option currently support platform begin procreate like rabbit throughout codeprovide level indirection abstract creation family related dependent object without directly specify concrete class factory object responsibility provide creation service entire platform family client never create platform object directly ask factory themthis mechanism make exchange product family easy specific class factory object appear application instantiate application wholesale replace entire family product simply instantiate different concrete instance abstract factorybecause service provide factory object pervasive routinely implement singleton
Structural,Facade,provide unified interface set interface subsystem facade defines higherlevel interface make subsystem easy usewrap complicate subsystem simpler interfacea segment client community need simplify interface overall functionality complex subsystemfacade discus encapsulate complex subsystem within single interface object reduces learn curve necessary successfully leverage subsystem also promotes decouple subsystem potentially many client hand facade access point subsystem limit feature flexibility power user may needthe facade object fairly simple advocate facilitator become allknowing oracle god object
Structural,Flyweight,use share support large number finegrained object efficientlythe motif gui strategy replace heavyweight widget lightweight gadgetsdesigning object low level system granularity provide optimal flexibility unacceptably expensive term performance memory usagethe flyweight pattern describes share object allow use fine granularity without prohibitive cost flyweight object divide two piece statedependent extrinsic part stateindependent intrinsic part intrinsic state store share flyweight object extrinsic state store compute client object pass flyweight operation invokedan illustration approach would motif widget reengineered lightweight gadget whereas widget intelligent enough stand gadget exist dependent relationship parent layout manager widget layout manager provide contextdependent event handle real estate management resource service flyweight gadget gadget responsible contextindependent state behavior
Structural,Composite,compose object tree structure represent wholepart hierarchy composite let client treat individual object composition object uniformlyrecursive compositiondirectories contain entry could directory1tomany hierarchyapplication need manipulate hierarchical collection primitive composite object processing primitive object handle one way processing composite object handle differently query type object attempt process desirabledefine abstract base class component specifies behavior need exercise uniformly across primitive composite object subclass primitive composite class component class composite object couple abstract type component manages childrenuse pattern whenever composite contain component could compositechild management method eg addchild removechild normally define composite class unfortunately desire treat primitive composite uniformly require method move abstract component class see opinion section discussion safety versus transparency issue
Structural,Decorator,attach additional responsibility object dynamically decorator provide flexible alternative subclassing extend functionalityclientspecified embellishment core object recursively wrap itwrapping gift put box wrap boxyou want add behavior state individual object runtime inheritance feasible static applies entire classsuppose work user interface toolkit wish support add border scroll bar window could define inheritance hierarchy like decorator pattern suggests give client ability specify whatever combination feature desiredthis flexibility achieve follow design another example cascade chain feature together produce custom object might look like solution class problem involves encapsulate original object inside abstract wrapper interface decorator object core object inherit abstract interface interface us recursive composition allow unlimited number decorator layer add core objectnote pattern allows responsibility add object method object interface interface present client must remain constant successive layer specifiedalso note core object identity hidden inside decorator object try access core object directly problem
Structural,Adapter,convert interface class another interface client expect adapter let class work together couldnt otherwise incompatible interfaceswrap exist class new interfaceimpedance match old component new systeman shelf component offer compelling functionality would like reuse view world compatible philosophy architecture system currently developedreuse always painful elusive one reason tribulation design something new reuse something old always something quite right old new may physical dimension misalignment may timing synchronization may unfortunate assumption compete standardsit like problem insert new threeprong electrical plug old twoprong wall outlet – kind adapter intermediary necessary adapter create intermediary abstraction translates map old component new system client call method adapter object redirects call legacy component strategy implement either inheritance aggregationadapter function wrapper modifier exist class provide different translate view class
Structural,Bridge,decouple abstraction implementation two vary independentlypublish interface inheritance hierarchy bury implementation inheritance hierarchybeyond encapsulation insulationhardening software artery occur use subclassing abstract base class provide alternative implementation lock compiletime binding interface implementation abstraction implementation independently extend composedconsider domain thread schedule two type thread scheduler two type operating system platform give approach specialization define class permutation two dimension add new platform say java virtual machine would hierarchy look like three kind thread scheduler four kind platform five kind thread scheduler ten kind platform number class would define product number schedule scheme number platformsthe bridge design pattern proposes refactoring exponentially explosive inheritance hierarchy two orthogonal hierarchy – one platformindependent abstraction platformdependent implementation decompose component interface implementation orthogonal class hierarchy interface class contains pointer abstract implementation class pointer initialize instance concrete implementation class subsequent interaction interface class implementation class limited abstraction maintain implementation base class client interacts interface class turn delegate request implementation classthe interface object handle know use client implementation object body safely encapsulate ensure may continue evolve entirely replace share runtimeuse bridge pattern whenyou want runtime binding implementationyou proliferation class result couple interface numerous implementationsyou want share implementation among multiple objectsyou need map orthogonal class hierarchiesconsequences includedecoupling object interfaceimproved extensibility extend ie subclass abstraction implementation hierarchy independentlyhiding detail clientsbridge synonym handlebody idiom design mechanism encapsulates implementation class inside interface class former body latter handle handle view user actual class work do body handlebody class idiom may use decompose complex abstraction small manageable class idiom may reflect share single resource multiple class control access eg reference counting
