Behavioral,Visitor,concret type behavior primari code object node want add method make class
Behavioral,Command,base differ class
Behavioral,Strategy,algorithm could use class
Behavioral,Memento,object store intern undo restor state
Behavioral,Mediator,make exampl class coupl
Behavioral,Observer,model particular new
Behavioral,Chain of Responsibility,request one must contain
Behavioral,Iterator,exampl type even need one collect requir might would differ sequenti element gener way without algorithm data access travers
Behavioral,State,behavior appropri code base current approach problem machin pattern transit depend difficult finit class ad statement state chang
Behavioral,Template Method,structur client base algorithm differ interfac use common class
Structural,Proxy,need object directli actual control access want time
Structural,Flyweight,object would system
Structural,Facade,set becom
Structural,Composite,composit contain could pattern class
Structural,Decorator,number client object addit could like want work method class
Structural,Bridge,need one extend type would three want new add class two hierarchi four
Creational,Singleton,one singleton pattern
Structural,Adapter,creat work exist
Creational,Builder,construct client object control mani creat complex
Creational,Prototype,concret one code object new creat class
Creational,Abstract Factory,object new creat famili product often
Creational,Factory Method,behavior decid creat requir class
Behavioral,Interpreter,pattern interpret
